participations,name,first_win,races_finished,country,did_not_start,last_win,number,podiums,first_race,last_race,championships,D.O.B.,poles,seasons,subchampionships,top_ten,flag,wins,finished_in_points,did_not_finish,points
1,Adolf Brudes,,0,Germany,0,,,0,1952-08-03,1952-08-03,0,1899-10-15,0,1,0,0,🇩🇪,0,0,1,0.0
1,Adolfo Cruz,,0,Argentina,0,,,0,1953-01-18,1953-01-18,0,1923-06-28,0,1,0,0,🇦🇷,0,0,1,0.0
1,Nello Pagani,,1,Italy,0,,,0,1950-06-04,1950-06-04,0,1911-10-11,0,1,0,1,🇮🇹,0,0,0,0.0
1,Erwin Bauer,,0,Germany,0,,,0,1953-08-02,1953-08-02,0,1912-07-17,0,1,0,0,🇩🇪,0,0,1,0.0
1,Johnny Mantz,,1,USA,0,,,0,1953-05-30,1953-05-30,0,1918-09-18,0,1,0,0,🇺🇸,0,0,0,0.0
1,Myron Fohr,,1,USA,0,,,0,1950-05-30,1950-05-30,0,1912-06-17,0,1,0,0,🇺🇸,0,0,0,0.0
1,Georges Grignard,,0,France,0,,,0,1951-10-28,1951-10-28,0,1905-07-25,0,1,0,0,🇫🇷,0,0,1,0.0
1,Dieter Quester,,1,Austria,0,,,0,1974-08-18,1974-08-18,0,1939-05-30,0,1,0,1,🇦🇹,0,0,0,0.0
1,Alain de Changy,,0,Belgium,1,,,0,1959-05-10,1959-05-10,0,1922-02-05,0,1,0,0,🇧🇪,0,0,0,0.0
1,Ray Reed,,0,South Africa,1,,,0,1965-01-01,1965-01-01,0,,0,1,0,0,🇿🇦,0,0,0,0.0
1,Ernst Loof,,0,Germany,0,,,0,1953-08-02,1953-08-02,0,1907-07-04,0,1,0,0,🇩🇪,0,0,1,0.0
1,Óscar González,,1,Uruguay,0,,,0,1956-01-22,1956-01-22,0,1923-11-10,0,1,0,1,🇺🇾,0,0,0,0.0
1,Alan Rollinson,,0,UK,1,,,0,1965-07-10,1965-07-10,0,1943-05-15,0,1,0,0,🇬🇧,0,0,0,0.0
1,Joie Chitwood,,1,USA,0,,,0,1950-05-30,1950-05-30,0,1912-04-14,0,1,0,1,🇺🇸,0,1,0,1.0
1,Albert Scherrer,,1,Switzerland,0,,,0,1953-08-23,1953-08-23,0,1908-02-28,0,1,0,1,🇨🇭,0,0,0,0.0
1,Peter Ashdown,,1,UK,0,,,0,1959-07-18,1959-07-18,0,1934-10-16,0,1,0,0,🇬🇧,0,0,0,0.0
1,Wayne Weiler,,1,USA,0,,,0,1960-05-30,1960-05-30,0,1934-12-09,0,1,0,0,🇺🇸,0,0,0,0.0
1,Alberto Crespo,,0,Argentina,1,,,0,1952-09-07,1952-09-07,0,1920-01-16,0,1,0,0,🇦🇷,0,0,0,0.0
1,Alberto Rodriguez Larreta,,1,Argentina,0,,,0,1960-02-07,1960-02-07,0,1934-01-14,0,1,0,1,🇦🇷,0,0,0,0.0
1,John Riseley-Prichard,,0,UK,0,,,0,1954-07-17,1954-07-17,0,1924-01-17,0,1,0,0,🇬🇧,0,0,1,0.0
1,Aldo Gordini,,0,France,0,,,0,1951-07-01,1951-07-01,0,1921-05-20,0,1,0,0,🇫🇷,0,0,1,0.0
1,John Rhodes,,0,UK,0,,,0,1965-07-10,1965-07-10,0,1927-08-18,0,1,0,0,🇬🇧,0,0,1,0.0
1,Warwick Brown,,1,Australia,0,,,0,1976-10-10,1976-10-10,0,1949-12-24,0,1,0,0,🇦🇺,0,0,0,0.0
1,Mike MacDowel,,1,UK,0,,,0,1957-07-07,1957-07-07,0,1932-09-13,0,1,0,1,🇬🇧,0,0,0,0.0
1,Walt Ader,,1,USA,0,,,0,1950-05-30,1950-05-30,0,1912-12-15,0,1,0,0,🇺🇸,0,0,0,0.0
1,Alex Blignaut,,0,South Africa,1,,,0,1965-01-01,1965-01-01,0,1932-11-30,0,1,0,0,🇿🇦,0,0,0,0.0
1,Piero Dusio,,0,Italy,1,,,0,1952-09-07,1952-09-07,0,1899-10-13,0,1,0,0,🇮🇹,0,0,0,0.0
1,Piero Scotti,,0,Italy,0,,,0,1956-06-03,1956-06-03,0,1909-11-11,0,1,0,0,🇮🇹,0,0,1,0.0
1,Vincenzo Sospiri,,0,Italy,0,,,0,1997-03-09,1997-03-09,0,1966-10-07,0,1,0,0,🇮🇹,0,0,1,0.0
1,John James,,0,UK,0,,,0,1951-07-14,1951-07-14,0,1914-05-10,0,1,0,0,🇬🇧,0,0,1,0.0
1,John Cordts,,0,Canada,0,,,0,1969-09-20,1969-09-20,0,1935-07-23,0,1,0,0,🇨🇦,0,0,1,0.0
1,Harry Blanchard,,1,USA,0,,,0,1959-12-12,1959-12-12,0,1929-06-13,0,1,0,1,🇺🇸,0,0,0,0.0
1,Markus Winkelhock,,0,Germany,0,,,0,2007-07-22,2007-07-22,0,1980-06-13,0,1,0,0,🇩🇪,0,0,1,0.0
1,John Cannon,,1,Canada,0,,,0,1971-10-03,1971-10-03,0,1933-06-21,0,1,0,0,🇨🇦,0,0,0,0.0
1,Alfredo Pián,,0,Argentina,0,,,0,1950-05-21,1950-05-21,0,1912-10-21,0,1,0,0,🇦🇷,0,0,1,0.0
1,Jonathan Williams,,1,UK,0,,,0,1967-10-22,1967-10-22,0,1942-10-26,0,1,0,1,🇬🇧,0,0,0,0.0
1,Helmut Niedermayr,,1,Germany,0,,,0,1952-08-03,1952-08-03,0,1915-11-29,0,1,0,1,🇩🇪,0,0,0,0.0
1,André Guelfi,,1,France,0,,,0,1958-10-19,1958-10-19,0,1919-05-06,0,1,0,0,🇫🇷,0,0,0,0.0
1,André Lotterer,,0,Germany,0,,45,0,2014-08-24,2014-08-24,0,1981-11-19,0,1,0,0,🇩🇪,0,0,1,0.0
1,André Milhoux,,0,Belgium,0,,,0,1956-08-05,1956-08-05,0,1928-12-09,0,1,0,0,🇧🇪,0,0,1,0.0
1,George Constantine,,0,USA,0,,,0,1959-12-12,1959-12-12,0,1918-02-22,0,1,0,0,🇺🇸,0,0,1,0.0
1,Ernie de Vos,,0,Netherlands,1,,,0,1963-10-06,1963-10-06,0,1941-07-01,0,1,0,0,🇳🇱,0,0,0,0.0
1,John Barber,,1,UK,0,,,0,1953-01-18,1953-01-18,0,1929-07-22,0,1,0,1,🇬🇧,0,0,0,0.0
1,Desmond Titterington,,0,UK,0,,,0,1956-07-14,1956-07-14,0,1928-05-01,0,1,0,0,🇬🇧,0,0,1,0.0
1,Joe Fry,,1,UK,0,,,0,1950-05-13,1950-05-13,0,1915-10-26,0,1,0,1,🇬🇧,0,0,0,0.0
1,Peter Broeker,,1,Canada,0,,,0,1963-10-06,1963-10-06,0,1929-05-15,0,1,0,1,🇨🇦,0,0,0,0.0
1,Peter Monteverdi,,0,Switzerland,1,,,0,1961-08-06,1961-08-06,0,1934-06-07,0,1,0,0,🇨🇭,0,0,0,0.0
1,Peter Ryan,,1,Canada,0,,,0,1961-10-08,1961-10-08,0,1940-06-10,0,1,0,1,🇨🇦,0,0,0,0.0
1,Andy Sutcliffe,,0,UK,1,,,0,1977-07-16,1977-07-16,0,1947-05-09,0,1,0,0,🇬🇧,0,0,0,0.0
1,Desiré Wilson,,0,South Africa,1,,,0,1980-07-13,1980-07-13,0,1953-11-26,0,1,0,0,🇿🇦,0,0,0,0.0
1,Marcel Balsa,,0,France,0,,,0,1952-08-03,1952-08-03,0,1901-01-01,0,1,0,0,🇫🇷,0,0,1,0.0
1,Antonio Creus,,0,Spain,0,,,0,1960-02-07,1960-02-07,0,1924-10-28,0,1,0,0,🇪🇸,0,0,1,0.0
1,Jo Vonlanthen,,0,Switzerland,0,,,0,1975-08-17,1975-08-17,0,1942-05-31,0,1,0,0,🇨🇭,0,0,1,0.0
1,Archie Scott Brown,,0,UK,0,,,0,1956-07-14,1956-07-14,0,1927-05-13,0,1,0,0,🇬🇧,0,0,1,0.0
1,Art Bisch,,0,USA,0,,,0,1958-05-30,1958-05-30,0,1926-11-10,0,1,0,0,🇺🇸,0,0,1,0.0
1,Luki Botha,,0,South Africa,0,,,0,1967-01-02,1967-01-02,0,1930-01-16,0,1,0,0,🇿🇦,0,0,1,0.0
1,Gus Hutchison,,0,USA,0,,,0,1970-10-04,1970-10-04,0,1937-04-26,0,1,0,0,🇺🇸,0,0,1,0.0
1,Arthur Owen,,0,UK,0,,,0,1960-09-04,1960-09-04,0,1915-03-21,0,1,0,0,🇬🇧,0,0,1,0.0
1,Mike Harris,,0,South Africa,0,,,0,1962-12-29,1962-12-29,0,1939-05-25,0,1,0,0,🇿🇦,0,0,1,0.0
1,Josef Peters,,0,Germany,0,,,0,1952-08-03,1952-08-03,0,1914-09-16,0,1,0,0,🇩🇪,0,0,1,0.0
1,Azdrubal Fontes,,0,Uruguay,1,,,0,1959-07-05,1959-07-05,0,1922-12-26,0,1,0,0,🇺🇾,0,0,0,0.0
1,Piero Drogo,,1,Italy,0,,,0,1960-09-04,1960-09-04,0,1926-08-08,0,1,0,1,🇮🇹,0,0,0,0.0
1,Bayliss Levrett,,0,USA,0,,,0,1950-05-30,1950-05-30,0,1914-02-14,0,1,0,0,🇺🇸,0,0,1,0.0
1,Ben Pon,,0,Netherlands,0,,,0,1962-05-20,1962-05-20,0,1936-12-09,0,1,0,0,🇳🇱,0,0,1,0.0
1,Jimmy Stewart,,0,UK,0,,,0,1953-07-18,1953-07-18,0,1931-03-06,0,1,0,0,🇬🇧,0,0,1,0.0
1,Juan Jover,,0,Spain,0,,,0,1951-10-28,1951-10-28,0,1903-11-23,0,1,0,0,🇪🇸,0,0,1,0.0
1,Bernard de Dryver,,0,Belgium,1,,,0,1977-06-05,1977-06-05,0,1952-09-19,0,1,0,0,🇧🇪,0,0,0,0.0
1,Tom Jones,,0,USA,1,,,0,1967-08-27,1967-08-27,0,1943-04-26,0,1,0,0,🇺🇸,0,0,0,0.0
1,Bernie Ecclestone,,0,UK,1,,,0,1958-05-18,1958-05-18,0,1930-10-28,0,1,0,0,🇬🇧,0,0,0,0.0
1,Bertil Roos,,0,Sweden,0,,,0,1974-06-09,1974-06-09,0,1943-10-12,0,1,0,0,🇸🇪,0,0,1,0.0
1,Tom Bridger,,0,UK,0,,,0,1958-10-19,1958-10-19,0,1934-06-24,0,1,0,0,🇬🇧,0,0,1,0.0
1,Timmy Mayer,,0,USA,0,,,0,1962-10-07,1962-10-07,0,1938-02-22,0,1,0,0,🇺🇸,0,0,1,0.0
1,Juan Manuel Bordeu,,0,Argentina,1,,,0,1961-07-02,1961-07-02,0,1934-01-28,0,1,0,0,🇦🇷,0,0,0,0.0
1,Bill Cantrell,,0,USA,0,,,0,1950-05-30,1950-05-30,0,1908-01-31,0,1,0,0,🇺🇸,0,0,1,0.0
1,Thomas Monarch,,0,USA,1,,,0,1963-10-27,1963-10-27,0,1912-05-29,0,1,0,0,🇺🇸,0,0,0,0.0
1,Jim Rigsby,,1,USA,0,,,0,1952-05-30,1952-05-30,0,1923-08-31,0,1,0,0,🇺🇸,0,0,0,0.0
1,Peter Westbury,,0,UK,1,,,0,1970-10-04,1970-10-04,0,1938-05-26,0,1,0,0,🇬🇧,0,0,0,0.0
1,Bill Mackey,,0,USA,0,,,0,1951-05-30,1951-05-30,0,1927-12-15,0,1,0,0,🇺🇸,0,0,1,0.0
1,Bill Moss,,0,UK,1,,,0,1959-07-18,1959-07-18,0,1933-09-04,0,1,0,0,🇬🇧,0,0,0,0.0
1,Theo Fitzau,,0,Germany,0,,,0,1953-08-02,1953-08-02,0,1923-02-10,0,1,0,0,🇩🇪,0,0,1,0.0
1,Ted Whiteaway,,0,UK,1,,,0,1955-05-22,1955-05-22,0,1928-11-01,0,1,0,0,🇬🇧,0,0,0,0.0
1,Bill Whitehouse,,0,UK,0,,,0,1954-07-17,1954-07-17,0,1909-04-01,0,1,0,0,🇬🇧,0,0,1,0.0
1,Jim Hurtubise,,1,USA,0,,,0,1960-05-30,1960-05-30,0,1932-12-05,0,1,0,0,🇺🇸,0,0,0,0.0
1,Ernesto Brambilla,,0,Italy,1,,,0,1963-09-08,1963-09-08,0,1934-01-31,0,1,0,0,🇮🇹,0,0,0,0.0
1,Syd van der Vyver,,0,South Africa,1,,,0,1962-12-29,1962-12-29,0,1920-01-01,0,1,0,0,🇿🇦,0,0,0,0.0
1,George Amick,,1,USA,0,,,1,1958-05-30,1958-05-30,0,1924-10-24,0,1,0,1,🇺🇸,0,1,0,6.0
1,Bob Drake,,1,USA,0,,,0,1960-11-20,1960-11-20,0,1919-12-14,0,1,0,0,🇺🇸,0,0,0,0.0
1,Elmer George,,0,USA,0,,,0,1957-05-30,1957-05-30,0,1928-07-15,0,1,0,0,🇺🇸,0,0,1,0.0
1,Stoffel Vandoorne,,1,Belgium,0,,47,0,2016-04-03,2016-04-03,0,1992-03-26,0,1,0,1,🇧🇪,0,1,0,1.0
1,Bob Said,,0,USA,0,,,0,1959-12-12,1959-12-12,0,1932-05-05,0,1,0,0,🇺🇸,0,0,1,0.0
1,Stephen South,,0,UK,1,,,0,1980-03-30,1980-03-30,0,1952-02-19,0,1,0,0,🇬🇧,0,0,0,0.0
1,Stéphane Sarrazin,,0,France,0,,,0,1999-04-11,1999-04-11,0,1975-11-02,0,1,0,0,🇫🇷,0,0,1,0.0
1,Dennis Taylor,,0,UK,1,,,0,1959-07-18,1959-07-18,0,1921-06-12,0,1,0,0,🇬🇧,0,0,0,0.0
1,Jesús Iglesias,,0,Argentina,0,,,0,1955-01-16,1955-01-16,0,1922-02-22,0,1,0,0,🇦🇷,0,0,1,0.0
1,Jerry Unser,,0,USA,0,,,0,1958-05-30,1958-05-30,0,1932-11-15,0,1,0,0,🇺🇸,0,0,1,0.0
1,Ettore Chimeri,,0,Venezuela,0,,,0,1960-02-07,1960-02-07,0,1924-06-04,0,1,0,0,🇻🇪,0,0,1,0.0
1,Bobby Unser,,0,USA,0,,,0,1968-10-06,1968-10-06,0,1934-02-20,0,1,0,0,🇺🇸,0,0,1,0.0
1,Guy Tunmer,,1,South Africa,0,,,0,1975-03-01,1975-03-01,0,1948-12-01,0,1,0,0,🇿🇦,0,0,0,0.0
1,Oscar Gálvez,,1,Argentina,0,,,0,1953-01-18,1953-01-18,0,1913-08-17,0,1,0,1,🇦🇷,0,1,0,2.0
1,Eric Thompson,,1,UK,0,,,0,1952-07-19,1952-07-19,0,1919-11-04,0,1,0,1,🇬🇧,0,1,0,2.0
1,Brian Gubby,,0,UK,1,,,0,1965-07-10,1965-07-10,0,1934-04-17,0,1,0,0,🇬🇧,0,0,0,0.0
1,Brian Hart,,0,UK,0,,,0,1967-08-06,1967-08-06,0,1936-09-07,0,1,0,0,🇬🇧,0,0,1,0.0
1,Geoff Duke,,0,UK,1,,,0,1961-08-06,1961-08-06,0,1923-03-29,0,1,0,0,🇬🇧,0,0,0,0.0
1,Brian McGuire,,0,Australia,1,,,0,1977-07-16,1977-07-16,0,1945-12-13,0,1,0,0,🇦🇺,0,0,0,0.0
1,Phil Cade,,0,USA,1,,,0,1959-12-12,1959-12-12,0,1916-06-12,0,1,0,0,🇺🇸,0,0,0,0.0
1,Philip Fotheringham-Parker,,0,UK,0,,,0,1951-07-14,1951-07-14,0,1907-09-22,0,1,0,0,🇬🇧,0,0,1,0.0
1,Giorgio Bassi,,0,Italy,0,,,0,1965-09-12,1965-09-12,0,1934-01-20,0,1,0,0,🇮🇹,0,0,1,0.0
1,Ken Kavanagh,,0,Australia,1,,,0,1958-05-18,1958-05-18,0,1923-12-12,0,1,0,0,🇦🇺,0,0,0,0.0
1,Bruce Johnstone,,1,South Africa,0,,,0,1962-12-29,1962-12-29,0,1937-01-30,0,1,0,1,🇿🇦,0,0,0,0.0
1,Bruce Kessler,,0,USA,1,,,0,1958-05-18,1958-05-18,0,1936-03-23,0,1,0,0,🇺🇸,0,0,0,0.0
1,Herbert MacKay-Fraser,,0,USA,0,,,0,1957-07-07,1957-07-07,0,1927-06-23,0,1,0,0,🇺🇸,0,0,1,0.0
1,Philippe Adams,,1,Belgium,0,,,0,1994-09-25,1994-09-25,0,1960-11-19,0,1,0,0,🇧🇪,0,0,0,0.0
1,Rudolf Schoeller,,0,Switzerland,0,,,0,1952-08-03,1952-08-03,0,1902-04-27,0,1,0,0,🇨🇭,0,0,1,0.0
1,Bud Tingelstad,,1,USA,0,,,0,1960-05-30,1960-05-30,0,1928-04-04,0,1,0,1,🇺🇸,0,0,0,0.0
1,Jean Lucienbonnet,,0,France,1,,,0,1959-05-10,1959-05-10,0,1923-01-07,0,1,0,0,🇫🇷,0,0,0,0.0
1,Heini Walter,,1,Switzerland,0,,,0,1962-08-05,1962-08-05,0,1927-07-28,0,1,0,0,🇨🇭,0,0,0,0.0
1,Carl Forberg,,1,USA,0,,,0,1951-05-30,1951-05-30,0,1911-03-04,0,1,0,1,🇺🇸,0,0,0,0.0
1,Jean Lucas,,0,France,0,,,0,1955-09-11,1955-09-11,0,1917-04-25,0,1,0,0,🇫🇷,0,0,1,0.0
1,Ken Miles,,0,UK,1,,,0,1961-10-08,1961-10-08,0,1918-11-01,0,1,0,0,🇬🇧,0,0,0,0.0
1,Carlo Facetti,,0,Italy,1,,,0,1974-09-08,1974-09-08,0,1935-06-26,0,1,0,0,🇮🇹,0,0,0,0.0
1,Carlo Franchi,,0,Italy,1,,,0,1978-09-10,1978-09-10,0,1938-01-01,0,1,0,0,🇮🇹,0,0,0,0.0
1,Masahiro Hasemi,,1,Japan,0,,,0,1976-10-24,1976-10-24,0,1945-11-13,0,1,0,0,🇯🇵,0,0,0,0.0
1,Oswald Karch,,0,Germany,0,,,0,1953-08-02,1953-08-02,0,1917-03-06,0,1,0,0,🇩🇪,0,0,1,0.0
1,Gary Hocking,,0,Rhodesia,1,,,0,1962-12-29,1962-12-29,0,1937-09-30,0,1,0,0,🇿🇼,0,0,0,0.0
1,Menato Boffa,,0,Italy,1,,,0,1961-09-10,1961-09-10,0,1930-01-04,0,1,0,0,🇮🇹,0,0,0,0.0
1,Don Beauman,,1,UK,0,,,0,1954-07-17,1954-07-17,0,1928-07-26,0,1,0,0,🇬🇧,0,0,0,0.0
1,Ken Richardson,,0,UK,0,,,0,1951-09-16,1951-09-16,0,1911-08-21,0,1,0,0,🇬🇧,0,0,1,0.0
1,Kunimitsu Takahashi,,1,Japan,0,,,0,1977-10-23,1977-10-23,0,1940-01-29,0,1,0,1,🇯🇵,0,0,0,0.0
1,Kurt Adolff,,0,Germany,0,,,0,1953-08-02,1953-08-02,0,1921-11-05,0,1,0,0,🇩🇪,0,0,1,0.0
1,Roger Loyer,,0,France,0,,,0,1954-01-17,1954-01-17,0,1907-08-05,0,1,0,0,🇫🇷,0,0,1,0.0
1,Charles Pozzi,,1,France,0,,,0,1950-07-02,1950-07-02,0,1909-08-27,0,1,0,1,🇫🇷,0,0,0,0.0
1,Giovanni de Riu,,0,Italy,0,,,0,1954-09-05,1954-09-05,0,1925-03-10,0,1,0,0,🇮🇹,0,0,1,0.0
1,Larry Crockett,,1,USA,0,,,0,1954-05-31,1954-05-31,0,1926-10-23,0,1,0,1,🇺🇸,0,0,0,0.0
1,Paul England,,0,Australia,0,,,0,1957-08-04,1957-08-04,0,1929-03-28,0,1,0,0,🇦🇺,0,0,1,0.0
1,Luiz Bueno,,1,Brazil,0,,,0,1973-02-11,1973-02-11,0,1937-01-16,0,1,0,0,🇧🇷,0,0,0,0.0
1,Dries van der Lof,,0,Netherlands,0,,,0,1952-08-17,1952-08-17,0,1919-08-23,0,1,0,0,🇳🇱,0,0,1,0.0
1,Luigi Taramazzo,,0,Italy,1,,,0,1958-05-18,1958-05-18,0,1932-05-05,0,1,0,0,🇮🇹,0,0,0,0.0
1,Hans Heyer,,0,Germany,0,,,0,1977-07-31,1977-07-31,0,1943-03-16,0,1,0,0,🇩🇪,0,0,1,0.0
1,Fritz Riess,,1,Germany,0,,,0,1952-08-03,1952-08-03,0,1922-07-11,0,1,0,1,🇩🇪,0,0,0,0.0
1,Robin Widdows,,0,UK,0,,,0,1968-07-20,1968-07-20,0,1942-05-27,0,1,0,0,🇬🇧,0,0,1,0.0
1,Robin Montgomerie-Charrington,,0,UK,0,,,0,1952-06-22,1952-06-22,0,1915-06-23,0,1,0,0,🇬🇧,0,0,1,0.0
1,Christian Goethals,,0,Belgium,0,,,0,1958-08-03,1958-08-03,0,1928-08-04,0,1,0,0,🇧🇪,0,0,1,0.0
1,Graham Whitehead,,1,UK,0,,,0,1952-07-19,1952-07-19,0,1922-04-15,0,1,0,0,🇬🇧,0,0,0,0.0
1,Marco Apicella,,0,Italy,0,,,0,1993-09-12,1993-09-12,0,1965-10-07,0,1,0,0,🇮🇹,0,0,1,0.0
1,Chuck Arnold,,1,USA,0,,,0,1959-05-30,1959-05-30,0,1926-05-30,0,1,0,0,🇺🇸,0,0,0,0.0
1,Roberto Bonomi,,1,Argentina,0,,,0,1960-02-07,1960-02-07,0,1919-09-30,0,1,0,0,🇦🇷,0,0,0,0.0
1,Robert O'Brien,,1,USA,0,,,0,1952-06-22,1952-06-22,0,1908-04-11,0,1,0,0,🇺🇸,0,0,0,0.0
1,Robert La Caze,,1,France,0,,,0,1958-10-19,1958-10-19,0,1917-02-26,0,1,0,0,🇫🇷,0,0,0,0.0
1,Max Jean,,0,France,0,,,0,1971-07-04,1971-07-04,0,1943-07-27,0,1,0,0,🇫🇷,0,0,1,0.0
1,Fred Gamble,,1,USA,0,,,0,1960-09-04,1960-09-04,0,1932-03-17,0,1,0,1,🇺🇸,0,0,0,0.0
1,Dorino Serafini,,1,Italy,0,,,1,1950-09-03,1950-09-03,0,1909-07-22,0,1,0,1,🇮🇹,0,1,0,3.0
1,Clemente Biondetti,,0,Italy,0,,,0,1950-09-03,1950-09-03,0,1898-08-18,0,1,0,0,🇮🇹,0,0,1,0.0
1,Len Duncan,,0,USA,0,,,0,1954-05-31,1954-05-31,0,1911-07-25,0,1,0,0,🇺🇸,0,0,1,0.0
1,Rob Slotemaker,,0,Netherlands,1,,,0,1962-05-20,1962-05-20,0,1929-06-13,0,1,0,0,🇳🇱,0,0,0,0.0
1,Clive Puzey,,0,Rhodesia,1,,,0,1965-01-01,1965-01-01,0,1941-07-11,0,1,0,0,🇿🇼,0,0,0,0.0
1,Colin Chapman,,0,UK,0,,,0,1956-07-01,1956-07-01,0,1928-05-19,0,1,0,0,🇬🇧,0,0,1,0.0
1,Rob Schroeder,,1,UK,0,,,0,1962-10-07,1962-10-07,0,1926-05-11,0,1,0,1,🇬🇧,0,0,0,0.0
1,Emilio Zapico,,0,Spain,1,,,0,1976-05-02,1976-05-02,0,1944-05-27,0,1,0,0,🇪🇸,0,0,0,0.0
1,François Mazet,,1,France,0,,,0,1971-07-04,1971-07-04,0,1943-02-24,0,1,0,0,🇫🇷,0,0,0,0.0
1,Graham McRae,,0,New Zealand,0,,,0,1973-07-14,1973-07-14,0,1940-03-05,0,1,0,0,🇳🇿,0,0,1,0.0
1,Frank Dochnal,,0,USA,1,,,0,1963-10-27,1963-10-27,0,1920-10-08,0,1,0,0,🇺🇸,0,0,0,0.0
1,Don Edmunds,,0,USA,0,,,0,1957-05-30,1957-05-30,0,1930-09-23,0,1,0,0,🇺🇸,0,0,1,0.0
1,Jac Nelleman,,0,Denmark,1,,,0,1976-06-13,1976-06-13,0,1944-04-19,0,1,0,0,🇩🇰,0,0,0,0.0
1,Hans Klenk,,1,Germany,0,,,0,1952-08-03,1952-08-03,0,1919-10-28,0,1,0,0,🇩🇪,0,0,0,0.0
1,Ricardo Londoño,,0,Colombia,1,,,0,1981-03-29,1981-03-29,0,1949-08-08,0,1,0,0,🇨🇴,0,0,0,0.0
1,David Clapham,,0,South Africa,1,,,0,1965-01-01,1965-01-01,0,1931-05-18,0,1,0,0,🇿🇦,0,0,0,0.0
1,Leslie Johnson,,0,UK,0,,,0,1950-05-13,1950-05-13,0,1912-03-22,0,1,0,0,🇬🇧,0,0,1,0.0
1,Danny Kladis,,0,USA,0,,,0,1954-05-31,1954-05-31,0,1917-02-10,0,1,0,0,🇺🇸,0,0,1,0.0
1,Leslie Thorne,,1,UK,0,,,0,1954-07-17,1954-07-17,0,1916-06-23,0,1,0,0,🇬🇧,0,0,0,0.0
1,Frank Armi,,1,USA,0,,,0,1954-05-31,1954-05-31,0,1918-10-12,0,1,0,0,🇺🇸,0,0,0,0.0
1,François Picard,,0,France,0,,,0,1958-10-19,1958-10-19,0,1921-04-26,0,1,0,0,🇫🇷,0,0,1,0.0
1,Ian Stewart,,0,UK,0,,,0,1953-07-18,1953-07-18,0,1929-07-15,0,1,0,0,🇬🇧,0,0,1,0.0
1,Dave Morgan,,1,UK,0,,,0,1975-07-19,1975-07-19,0,1944-08-07,0,1,0,0,🇬🇧,0,0,0,0.0
1,Mike Sparken,,1,France,0,,,0,1955-07-16,1955-07-16,0,1930-06-16,0,1,0,1,🇫🇷,0,0,0,0.0
10,Johnnie Parsons,1950-05-30,6,USA,0,1950-05-30,,1,1950-05-30,1958-05-30,0,1918-07-04,0,9,0,3,🇺🇸,1,2,4,12.0
10,John Love,,6,Rhodesia,1,,,1,1962-12-29,1972-03-04,0,1924-12-07,0,10,0,5,🇿🇼,0,1,3,6.0
10,Olivier Beretta,,4,Monaco,0,,,0,1994-03-27,1994-08-14,0,1969-11-23,0,1,0,3,🇲🇨,0,0,6,0.0
10,Giovanni Lavaggi,,2,Italy,2,,,0,1995-07-30,1996-10-13,0,1958-02-18,0,2,0,1,🇮🇹,0,0,6,0.0
10,Chris Irwin,,5,UK,0,,,0,1966-07-16,1967-10-22,0,1942-06-27,0,2,0,5,🇬🇧,0,1,5,2.0
10,Duane Carter,,9,USA,0,,,1,1950-05-30,1960-05-30,0,1913-05-05,0,8,0,5,🇺🇸,0,3,1,6.5
10,Henry Taylor,,7,UK,2,,,0,1959-07-18,1961-09-10,0,1932-12-16,0,3,0,4,🇬🇧,0,1,1,3.0
10,Volker Weidler,,0,Germany,10,,,0,1989-03-26,1989-08-13,0,1962-03-18,0,1,0,0,🇩🇪,0,0,0,0.0
10,Tony Brise,,6,UK,0,,,0,1975-04-27,1975-10-05,0,1952-03-28,0,1,0,4,🇬🇧,0,1,4,1.0
10,Tony Settember,,2,USA,4,,,0,1962-07-21,1963-09-08,0,1926-07-10,0,2,0,1,🇺🇸,0,0,4,0.0
10,Andrea Chiesa,,0,Switzerland,7,,,0,1992-03-01,1992-07-26,0,1964-05-06,0,1,0,0,🇨🇭,0,0,3,0.0
10,Umberto Maglioli,,6,Italy,0,,,2,1953-09-13,1957-08-04,0,1929-06-05,0,5,0,6,🇮🇹,0,2,4,3.33
100,Jackie Stewart,1965-09-12,63,UK,0,1973-08-05,,43,1965-01-01,1973-10-07,3,1939-06-11,17,9,2,61,🇬🇧,27,57,37,360.0
100,Jo Siffert,1968-07-20,52,Switzerland,4,1971-08-15,,6,1962-06-03,1971-10-03,0,1936-07-12,2,10,0,45,🇨🇭,2,20,44,68.0
103,Bruce McLaren,1959-12-12,63,New Zealand,1,1968-06-09,,27,1958-08-03,1970-05-10,0,1937-08-30,0,13,1,58,🇳🇿,4,50,39,196.5
103,Stefan Johansson,,44,Sweden,24,,,12,1980-01-13,1991-07-14,0,1956-09-08,0,10,0,38,🇸🇪,0,26,35,88.0
104,Romain Grosjean,,75,France,0,,8,10,2009-08-23,2016-11-27,0,1986-04-17,0,6,0,40,🇫🇷,0,40,29,316.0
106,Chris Amon,,51,New Zealand,7,,,11,1963-05-26,1976-10-03,0,1943-07-20,5,14,0,42,🇳🇿,0,29,48,83.0
107,Pedro de la Rosa,,56,Spain,1,,,1,1999-03-07,2012-11-25,0,1971-02-24,0,9,0,20,🇪🇸,0,12,50,35.0
107,Jos Verstappen,,49,Netherlands,0,,,2,1994-03-27,2003-10-12,0,1972-03-04,0,8,0,24,🇳🇱,0,7,58,17.0
109,Daniel Ricciardo,2014-06-08,97,Australia,0,2016-10-02,3,18,2011-07-10,2016-11-27,0,1989-07-01,1,6,0,62,🇦🇺,4,62,12,616.0
109,Jo Bonnier,1959-05-31,50,Sweden,4,1959-05-31,,1,1956-09-02,1971-10-03,0,1930-01-31,1,16,0,44,🇸🇪,1,20,55,39.0
11,Pete Lovely,,3,USA,4,,,0,1959-05-10,1971-10-03,0,1926-04-11,0,5,0,2,🇺🇸,0,0,4,0.0
11,David Walker,,5,Australia,0,,,0,1971-06-20,1972-10-08,0,1941-06-10,0,2,0,2,🇦🇺,0,0,6,0.0
11,David Purley,,4,UK,3,,,0,1973-06-03,1977-07-16,0,1945-01-26,0,3,0,1,🇬🇧,0,0,4,0.0
11,Ian Ashley,,2,UK,6,,,0,1974-08-04,1977-10-09,0,1947-10-26,0,4,0,0,🇬🇧,0,0,3,0.0
11,Ricardo Zunino,,6,Argentina,1,,,0,1979-09-30,1981-04-12,0,1949-04-13,0,3,0,4,🇦🇷,0,0,4,0.0
11,Robert Doornbos,,9,Netherlands,0,,,0,2005-07-24,2006-10-22,0,1981-09-23,0,2,0,0,🇳🇱,0,0,2,0.0
11,Jackie Lewis,,5,UK,2,,,0,1961-06-18,1962-08-05,0,1936-11-01,0,2,0,5,🇬🇧,0,1,4,3.0
11,Paul Frère,,5,Belgium,0,,,1,1952-06-22,1956-06-03,0,1917-01-30,0,5,0,5,🇧🇪,0,3,6,11.0
11,Ronnie Bucknum,,4,USA,0,,,0,1964-08-02,1966-10-23,0,1936-04-05,0,3,0,2,🇺🇸,0,1,7,2.0
11,Jean-Christophe Boullion,,7,France,0,,,0,1995-05-28,1995-10-22,0,1969-12-27,0,1,0,5,🇫🇷,0,2,4,3.0
11,Andy Linden,,5,USA,0,,,0,1951-05-30,1957-05-30,0,1922-04-05,0,7,0,3,🇺🇸,0,2,6,5.0
11,Patrick Friesacher,,5,Austria,0,,,0,2005-03-06,2005-07-10,0,1980-09-26,0,1,0,1,🇦🇹,0,1,6,3.0
11,Karun Chandhok,,9,India,0,,,0,2010-03-14,2011-07-24,0,1984-01-19,0,2,0,0,🇮🇳,0,0,2,0.0
110,Elio de Angelis,1982-08-15,59,Italy,2,1985-05-05,,9,1979-01-21,1986-05-11,0,1958-03-26,3,8,0,54,🇮🇹,2,43,49,122.0
111,Mika Salo,,64,Finland,1,,,2,1994-11-06,2002-10-13,0,1966-11-30,0,8,0,48,🇫🇮,0,16,46,33.0
111,Piercarlo Ghinzani,,20,Italy,35,,,0,1981-05-17,1989-11-05,0,1952-01-16,0,8,0,8,🇮🇹,0,1,56,2.0
112,Denny Hulme,1967-05-07,78,New Zealand,0,1974-01-13,,33,1965-05-30,1974-10-06,1,1936-06-18,1,10,0,72,🇳🇿,8,61,34,248.0
112,Heikki Kovalainen,2008-08-03,91,Finland,0,2008-08-03,,4,2007-03-18,2013-11-24,0,1981-10-19,1,7,0,36,🇫🇮,1,29,21,105.0
112,John Surtees,1963-08-04,54,UK,0,1967-09-10,,24,1960-05-29,1972-09-10,1,1934-02-11,8,13,1,50,🇬🇧,6,40,58,180.0
113,Jody Scheckter,1974-06-09,77,South Africa,1,1979-09-09,,33,1972-10-08,1980-10-05,1,1950-01-29,3,9,1,68,🇿🇦,10,53,35,255.0
114,Jochen Mass,1975-04-27,64,Germany,8,1975-04-27,,8,1973-07-14,1982-07-25,0,1946-09-30,0,9,0,48,🇩🇪,1,28,42,71.0
115,Sergio Pérez,,100,Mexico,0,,11,7,2011-03-27,2016-11-27,0,1990-01-26,0,6,0,63,🇲🇽,0,63,15,367.0
115,Philippe Alliot,,44,France,6,,,0,1984-03-25,1994-08-28,0,1954-07-27,0,9,0,26,🇫🇷,0,6,65,7.0
117,Nico Hülkenberg,,97,Germany,0,,27,0,2010-03-14,2016-11-27,0,1987-08-19,1,6,0,66,🇩🇪,0,66,20,362.0
117,Alan Jones,1977-08-14,68,Australia,0,1981-10-17,,24,1975-04-27,1986-10-26,1,1946-11-02,6,10,0,54,🇦🇺,12,39,49,206.0
12,Johnny Servoz-Gavin,,4,France,1,,,1,1967-05-07,1970-05-10,0,1942-01-18,0,4,0,4,🇫🇷,0,3,7,9.0
12,Peter Whitehead,,5,UK,1,,,1,1950-05-21,1954-07-17,0,1914-11-12,0,5,0,5,🇬🇧,0,1,6,4.0
12,Philippe Étancelin,,6,France,0,,,0,1950-05-13,1952-07-06,0,1896-12-29,0,3,0,6,🇫🇷,0,2,6,3.0
12,Onofre Marimón,,3,Argentina,0,,,2,1951-07-01,1954-08-01,0,1923-12-19,0,3,0,3,🇦🇷,0,2,9,8.14
12,Rio Haryanto,,9,Indonesia,0,,88,0,2016-03-20,2016-07-31,0,1993-01-20,0,1,0,0,🇮🇩,0,0,3,0.0
12,Rodger Ward,1959-05-30,4,USA,0,1959-05-30,,2,1951-05-30,1963-10-06,0,1921-01-10,0,11,0,3,🇺🇸,1,2,8,14.0
12,Carlos Menditeguy,,4,Argentina,0,,,1,1953-01-18,1960-02-07,0,1914-08-10,0,7,0,4,🇦🇷,0,3,8,9.0
12,Geoff Lees,,3,UK,7,,,0,1978-07-16,1982-07-25,0,1951-05-01,0,4,0,1,🇬🇧,0,0,2,0.0
12,Karl Kling,,6,Germany,0,,,2,1954-07-04,1955-09-11,0,1910-09-16,0,2,0,6,🇩🇪,0,5,6,17.0
12,Bob Evans,,5,UK,2,,,0,1975-03-01,1976-07-18,0,1947-06-11,0,2,0,2,🇬🇧,0,0,5,0.0
12,Jim Hall,,8,USA,1,,,0,1960-11-20,1963-10-27,0,1935-07-23,0,4,0,7,🇺🇸,0,2,3,3.0
12,Jim Rathmann,1960-05-30,9,USA,0,1960-05-30,,4,1950-05-30,1960-05-30,0,1928-07-16,0,10,0,6,🇺🇸,1,5,3,29.0
12,André Simon,,4,France,1,,,0,1951-07-01,1957-09-08,0,1920-01-05,0,5,0,3,🇫🇷,0,0,7,0.0
12,Vern Schuppan,,4,Australia,3,,,0,1974-05-12,1977-08-28,0,1943-03-19,0,3,0,1,🇦🇺,0,0,5,0.0
12,Pascal Fabre,,8,France,1,,,0,1987-04-12,1987-09-27,0,1960-01-09,0,1,0,3,🇫🇷,0,0,3,0.0
12,George Follmer,,7,USA,0,,,1,1973-03-03,1973-10-07,0,1934-01-27,0,1,0,4,🇺🇸,0,2,5,5.0
12,Willy Mairesse,,3,Belgium,0,,,1,1960-06-19,1963-08-04,0,1928-10-01,0,4,0,3,🇧🇪,0,2,9,7.0
121,Jacky Ickx,1968-07-07,66,Belgium,6,1972-07-30,,25,1967-08-06,1979-10-07,0,1945-01-01,13,13,2,56,🇧🇪,8,40,49,181.0
122,Damon Hill,1993-08-15,77,UK,6,1998-08-30,,42,1992-05-03,1999-10-31,1,1960-09-17,20,8,2,70,🇬🇧,22,56,39,360.0
122,Patrick Tambay,1982-08-08,57,France,5,1983-05-01,,11,1977-07-03,1986-10-26,0,1949-06-25,5,9,0,52,🇫🇷,2,32,60,103.0
123,Pierluigi Martini,,55,Italy,4,,,0,1984-09-09,1995-07-30,0,1961-04-23,0,10,0,37,🇮🇹,0,10,64,18.0
123,Ronnie Peterson,1973-07-01,71,Sweden,0,1978-08-13,,26,1970-05-10,1978-09-10,0,1944-02-14,14,9,2,60,🇸🇪,10,42,52,206.0
128,Adrian Sutil,,89,Germany,0,,99,0,2007-03-18,2014-11-23,0,1983-01-11,0,7,0,30,🇩🇪,0,28,39,124.0
128,Keke Rosberg,1982-08-29,59,Finland,14,1985-11-03,,17,1978-03-04,1986-10-26,1,1948-12-06,5,9,0,52,🇫🇮,5,38,55,159.5
129,Jack Brabham,1959-05-10,73,Australia,1,1970-03-07,,31,1955-07-16,1970-10-25,3,1926-04-02,13,16,1,67,🇦🇺,14,53,55,261.0
129,Mario Andretti,1971-03-06,62,USA,1,1978-08-27,,19,1968-10-06,1982-09-25,1,1940-02-28,18,14,0,55,🇺🇸,12,38,66,180.0
13,Brian Redman,,7,UK,1,,,1,1968-01-01,1974-05-26,0,1937-03-09,0,6,0,6,🇬🇧,0,3,5,8.0
13,Siegfried Stohr,,3,Italy,4,,,0,1981-03-15,1981-09-13,0,1952-10-10,0,1,0,2,🇮🇹,0,0,6,0.0
13,Wolfgang Seidel,,3,Germany,3,,,0,1953-08-02,1962-08-05,0,1926-07-04,0,5,0,1,🇩🇪,0,0,7,0.0
13,Vic Elford,,8,UK,0,,,0,1968-07-07,1971-08-01,0,1935-06-10,0,3,0,7,🇬🇧,0,4,5,8.0
13,Roberto Merhi,,12,Spain,0,,98,0,2015-03-29,2015-11-29,0,1991-03-22,0,1,0,0,🇪🇸,0,0,1,0.0
13,George Eaton,,4,Canada,2,,,0,1969-10-05,1971-09-19,0,1945-11-12,0,3,0,1,🇨🇦,0,0,7,0.0
13,Pedro Chaves,,0,Portugal,13,,,0,1991-03-10,1991-09-22,0,1965-02-27,0,1,0,0,🇵🇹,0,0,0,0.0
13,Tony Bettenhausen,,8,USA,0,,,1,1950-05-30,1960-05-30,0,1916-09-12,0,11,0,5,🇺🇸,0,4,5,11.0
13,Patrick Nève,,8,Belgium,3,,,0,1976-05-16,1977-10-09,0,1949-10-13,0,2,0,4,🇧🇪,0,0,2,0.0
13,Rikky von Opel,,4,Liechtenstein,2,,,0,1973-07-01,1974-07-07,0,1947-10-14,0,2,0,2,🇱🇮,0,0,7,0.0
13,Guy Ligier,,6,France,1,,,0,1966-05-22,1967-10-22,0,1930-07-12,0,2,0,5,🇫🇷,0,1,6,1.0
13,Jack Fairman,,3,UK,0,,,0,1953-07-18,1961-09-10,0,1913-03-15,0,8,0,3,🇬🇧,0,2,10,5.0
13,Ludovico Scarfiotti,1966-09-04,6,Italy,3,1966-09-04,,1,1963-06-09,1968-05-26,0,1933-10-18,0,6,0,6,🇮🇹,1,5,4,17.0
13,Yves Cabantous,,8,France,0,,,0,1950-05-13,1953-09-13,0,1904-10-08,0,4,0,6,🇫🇷,0,2,5,5.0
13,Michael Andretti,,6,USA,0,,,1,1993-03-14,1993-09-12,0,1962-10-02,0,1,0,5,🇺🇸,0,3,7,7.0
13,Dave Charlton,,3,South Africa,2,,,0,1965-01-01,1975-03-01,0,1936-10-27,0,9,0,0,🇿🇦,0,0,8,0.0
138,Clay Regazzoni,1970-09-06,83,Switzerland,7,1979-07-14,,28,1970-06-21,1980-03-30,0,1939-09-05,5,11,1,71,🇨🇭,5,52,48,212.0
14,Paco Godia,,8,Spain,1,,,0,1951-10-28,1958-07-06,0,1921-03-21,0,5,0,8,🇪🇸,0,2,5,6.0
14,Ralph Firman,,8,Ireland,0,,,0,2003-03-09,2003-10-12,0,1975-05-20,0,1,0,2,🇮🇪,0,1,6,1.0
14,Stuart Lewis-Evans,,6,UK,0,,,2,1957-05-19,1958-10-19,0,1930-04-20,2,2,0,6,🇬🇧,0,5,8,16.0
14,Derek Bell,,2,UK,5,,,0,1968-09-08,1974-09-22,0,1941-10-31,0,6,0,1,🇬🇧,0,1,7,1.0
14,Giorgio Pantano,,6,Italy,0,,,0,2004-03-07,2004-09-12,0,1979-02-04,0,1,0,0,🇮🇹,0,0,8,0.0
14,Claudio Langes,,0,Italy,14,,,0,1990-03-11,1990-09-30,0,1960-07-20,0,1,0,0,🇮🇹,0,0,0,0.0
14,Emilio de Villota,,2,Spain,12,,,0,1976-05-02,1982-07-03,0,1946-07-26,0,4,0,0,🇪🇸,0,0,0,0.0
143,Jean-Pierre Jarier,,63,France,5,,,3,1971-09-05,1983-10-15,0,1946-07-10,3,12,0,43,🇫🇷,0,14,75,31.5
143,Eddie Cheever,,55,USA,11,,,9,1978-01-15,1989-11-05,0,1958-01-10,0,11,0,43,🇺🇸,0,25,77,70.0
146,Carlos Reutemann,1974-03-30,97,Argentina,0,1981-05-17,,45,1972-01-23,1982-03-21,0,1942-04-12,6,11,1,86,🇦🇷,12,66,49,310.0
147,Eddie Irvine,1999-03-07,85,UK,0,1999-10-17,,26,1993-10-24,2002-10-13,0,1965-11-10,0,10,1,76,🇬🇧,4,50,62,191.0
149,Emerson Fittipaldi,1970-10-04,94,Brazil,4,1975-07-19,,35,1970-07-18,1980-10-05,2,1946-12-12,6,11,2,76,🇧🇷,14,57,51,281.0
15,Paolo Barilla,,4,Italy,6,,,0,1989-10-22,1990-09-30,0,1961-04-20,0,2,0,0,🇮🇹,0,0,5,0.0
15,Giorgio Scarlatti,,5,Italy,3,,,0,1956-05-13,1961-07-02,0,1921-10-02,0,6,0,4,🇮🇹,0,1,7,1.0
15,Ron Flockhart,,5,UK,2,,,1,1954-07-17,1960-11-20,0,1923-06-16,0,6,0,4,🇬🇧,0,2,8,5.0
15,Lance Macklin,,5,UK,2,,,0,1952-05-18,1955-07-16,0,1919-09-02,0,4,0,3,🇬🇧,0,0,8,0.0
15,Larry Perkins,,5,Australia,4,,,0,1974-08-04,1977-07-03,0,1950-03-18,0,3,0,1,🇦🇺,0,0,6,0.0
15,Danny Sullivan,,7,USA,0,,,0,1983-03-13,1983-10-15,0,1950-03-09,0,1,0,3,🇺🇸,0,1,8,2.0
15,François Migault,,4,France,1,,,0,1972-08-13,1975-07-06,0,1944-12-04,0,3,0,0,🇫🇷,0,0,10,0.0
15,Luciano Burti,,9,Brazil,0,,,0,2000-07-16,2001-09-02,0,1975-03-05,0,2,0,4,🇧🇷,0,0,6,0.0
15,Slim Borgudd,,6,Sweden,5,,,0,1981-05-03,1982-04-04,0,1946-11-25,0,2,0,4,🇸🇪,0,1,4,1.0
15,Peter Arundell,,8,UK,4,,,2,1962-07-08,1966-10-23,0,1933-11-08,0,4,0,8,🇬🇧,0,4,3,12.0
15,André Pilette,,7,Belgium,6,,,0,1951-06-17,1964-08-02,0,1918-10-06,0,7,0,5,🇧🇪,0,1,2,2.0
15,Hans Binder,,6,Austria,2,,,0,1976-08-15,1978-08-13,0,1948-06-12,0,3,0,2,🇦🇹,0,0,7,0.0
15,John Miles,,4,UK,3,,,0,1969-07-06,1970-09-06,0,1943-06-14,0,2,0,4,🇬🇧,0,1,8,2.0
15,Martin Donnelly,,6,UK,1,,,0,1989-07-09,1990-09-30,0,1964-03-26,0,2,0,3,🇬🇧,0,0,8,0.0
15,Mark Donohue,,8,USA,0,,,1,1971-09-19,1975-08-17,0,1937-03-18,0,3,0,6,🇺🇸,0,3,7,8.0
154,John Watson,1976-08-15,90,UK,2,1983-03-27,,20,1973-07-14,1985-10-06,0,1946-05-04,2,12,0,75,🇬🇧,5,47,62,169.0
158,Olivier Panis,1996-05-19,99,France,0,1996-05-19,,5,1994-03-27,2004-10-10,0,1966-09-02,0,10,0,65,🇫🇷,1,29,59,76.0
159,Heinz-Harald Frentzen,1997-04-27,96,Germany,2,1999-09-12,,18,1994-03-27,2003-10-12,0,1967-05-18,2,10,1,82,🇩🇪,3,56,61,174.0
16,Johnny Dumfries,,6,UK,1,,,0,1986-03-23,1986-10-26,0,1958-04-26,0,1,0,6,🇬🇧,0,2,9,3.0
16,Justin Wilson,,7,UK,0,,,0,2003-03-09,2003-10-12,0,1978-07-31,0,1,0,1,🇬🇧,0,1,9,1.0
16,Esteban Tuero,,4,Argentina,0,,,0,1998-03-08,1998-11-01,0,1978-04-22,0,1,0,1,🇦🇷,0,0,12,0.0
16,Guy Edwards,,8,UK,5,,,0,1974-01-13,1977-07-16,0,1942-12-30,0,3,0,2,🇬🇧,0,0,3,0.0
16,Ken Wharton,,8,UK,0,,,0,1952-05-18,1955-09-11,0,1916-03-21,0,4,0,8,🇬🇧,0,1,8,3.0
16,Alex Yoong,,6,Malaysia,1,,,0,2001-09-16,2002-10-13,0,1976-07-20,0,2,0,2,🇲🇾,0,0,9,0.0
162,Derek Warwick,,67,UK,14,,,4,1981-05-03,1993-11-07,0,1954-08-27,0,11,0,55,🇬🇧,0,30,81,71.0
162,Ayrton Senna,1985-04-21,108,Brazil,1,1993-11-07,,80,1984-03-25,1994-05-01,3,1960-03-21,65,11,2,104,🇧🇷,41,96,53,614.0
164,René Arnoux,1980-01-27,82,France,15,1983-08-28,,22,1978-03-04,1989-11-05,0,1948-07-04,18,12,0,68,🇫🇷,7,42,67,181.0
164,Thierry Boutsen,1989-06-18,97,Belgium,1,1990-08-12,,15,1983-05-22,1993-08-29,0,1957-07-13,1,11,0,79,🇧🇪,3,41,66,132.0
165,Martin Brundle,,83,UK,7,,,9,1984-03-25,1996-10-13,0,1959-06-01,0,12,0,69,🇬🇧,0,39,75,98.0
165,Johnny Herbert,1995-07-16,90,UK,3,1999-09-26,,7,1989-03-26,2000-10-22,0,1964-06-25,0,12,0,70,🇬🇧,3,29,72,98.0
165,Jacques Villeneuve,1996-04-28,108,Canada,0,1997-09-28,,23,1996-03-10,2006-07-30,1,1971-04-09,13,11,1,86,🇨🇦,11,53,57,235.0
165,Mika Häkkinen,1997-10-26,103,Finland,2,2001-09-30,,51,1991-03-10,2001-10-14,2,1968-09-28,26,11,1,96,🇫🇮,20,83,60,420.0
17,Richard Attwood,,12,UK,0,,,1,1964-07-11,1969-05-18,0,1940-04-04,0,5,0,8,🇬🇧,0,4,5,11.0
17,Allan McNish,,8,UK,0,,,0,2002-03-03,2002-10-13,0,1969-12-29,0,1,0,4,🇬🇧,0,0,9,0.0
17,Eugenio Castellotti,,8,Italy,0,,,3,1955-01-16,1957-01-13,0,1930-10-10,3,3,0,8,🇮🇹,0,5,9,19.5
17,Felice Bonetto,,9,Italy,0,,,2,1950-06-04,1953-09-13,0,1903-06-09,1,4,0,9,🇮🇹,0,8,8,17.5
17,Beppe Gabbiani,,0,Italy,14,,,0,1978-10-01,1981-10-17,0,1957-01-02,0,2,0,0,🇮🇹,0,0,3,0.0
17,Louis Chiron,,7,Monaco,2,,,1,1950-05-13,1958-05-18,0,1899-08-03,0,6,0,6,🇲🇨,0,1,8,4.0
17,Nanni Galli,,7,Italy,1,,,0,1970-09-06,1973-06-03,0,1940-01-02,0,4,0,1,🇮🇹,0,0,9,0.0
17,Olivier Gendebien,,11,Belgium,3,,,2,1956-01-22,1961-10-08,0,1924-01-12,0,5,0,9,🇧🇪,0,5,3,18.0
17,Roberto Mieres,,8,Argentina,0,,,0,1953-06-07,1955-09-11,0,1924-12-03,0,3,0,8,🇦🇷,0,5,9,13.0
17,Lella Lombardi,,7,Italy,4,,,0,1974-07-20,1976-08-15,0,1941-03-26,0,3,0,2,🇮🇹,0,1,6,0.5
17,Pierre-Henri Raphanel,,0,France,16,,,0,1988-11-13,1989-11-05,0,1961-05-27,0,2,0,0,🇫🇷,0,0,1,0.0
174,Niki Lauda,1974-04-28,91,Austria,2,1985-08-25,,54,1971-08-15,1985-11-03,3,1949-02-22,24,13,1,81,🇦🇹,25,73,81,420.5
179,Sebastian Vettel,2008-09-14,153,Germany,0,2015-09-20,5,86,2007-06-17,2016-11-27,4,1987-07-03,46,10,1,142,🇩🇪,42,141,26,2108.0
179,Graham Hill,1962-05-20,102,UK,3,1969-05-18,,36,1958-05-18,1975-05-11,2,1929-02-15,13,18,3,86,🇬🇧,14,59,74,289.0
18,Gianmaria Bruni,,9,Italy,0,,,0,2004-03-07,2004-10-24,0,1981-05-30,0,1,0,0,🇮🇹,0,0,9,0.0
18,Cliff Allison,,10,UK,2,,,1,1958-05-18,1961-06-18,0,1932-02-08,0,4,0,10,🇬🇧,0,3,6,11.0
18,Silvio Moser,,4,Switzerland,6,,,0,1967-07-15,1971-09-05,0,1941-04-24,0,5,0,3,🇨🇭,0,2,8,3.0
18,Horace Gould,,5,UK,3,,,0,1954-07-17,1960-09-04,0,1918-09-20,0,6,0,4,🇬🇧,0,1,10,2.0
18,Taki Inoue,,5,Japan,0,,,0,1994-11-06,1995-11-12,0,1963-09-05,0,2,0,2,🇯🇵,0,0,13,0.0
18,Piero Taruffi,1952-05-18,12,Italy,1,1952-05-18,,5,1950-09-03,1956-09-02,0,1906-10-12,0,6,0,12,🇮🇹,1,9,5,41.0
180,Jacques Laffite,1977-06-19,94,France,3,1981-09-27,,32,1974-08-04,1986-07-13,0,1943-11-21,7,13,0,80,🇫🇷,6,59,83,228.0
180,Ralf Schumacher,2001-04-15,122,Germany,0,2003-07-06,,27,1997-03-09,2007-10-21,0,1975-06-30,6,11,0,105,🇩🇪,6,90,58,329.0
184,Nick Heidfeld,,138,Germany,0,,,13,2000-03-12,2011-07-31,0,1977-05-10,1,12,0,101,🇩🇪,0,70,46,259.0
188,Lewis Hamilton,2007-06-10,165,UK,0,2016-11-27,44,104,2007-03-18,2016-11-27,3,1985-01-07,61,10,2,155,🇬🇧,53,152,23,2247.0
19,Corrado Fabi,,3,Italy,6,,,0,1983-03-13,1984-07-22,0,1961-04-12,0,2,0,2,🇮🇹,0,0,10,0.0
19,Lucas di Grassi,,10,Brazil,0,,,0,2010-03-14,2010-11-14,0,1984-08-11,0,1,0,0,🇧🇷,0,0,9,0.0
19,Lucien Bianchi,,6,Belgium,2,,,1,1959-05-10,1968-11-03,0,1934-11-10,0,7,0,4,🇧🇪,0,3,11,6.0
19,Will Stevens,,16,UK,1,,28,0,2014-11-23,2015-11-29,0,1991-06-28,0,2,0,0,🇬🇧,0,0,2,0.0
19,Prince Bira,,10,Thailand,0,,,0,1950-05-13,1954-10-24,0,1914-07-15,0,5,0,8,🇹🇭,0,3,9,8.0
19,Giedo van der Garde,,16,Netherlands,0,,,0,2013-03-17,2013-11-24,0,1985-04-25,0,1,0,0,🇳🇱,0,0,3,0.0
192,Nigel Mansell,1985-10-06,98,UK,4,1994-11-13,,59,1980-08-17,1995-05-14,1,1953-08-08,32,15,3,90,🇬🇧,31,82,90,482.0
2,Naoki Hattori,,0,Japan,2,,,0,1991-10-20,1991-11-03,0,1966-06-13,0,1,0,0,🇯🇵,0,0,0,0.0
2,Ernesto Prinoth,,0,Italy,2,,,0,1961-09-10,1962-09-16,0,1923-04-15,0,2,0,0,🇮🇹,0,0,0,0.0
2,Paul Emery,,0,UK,1,,,0,1956-07-14,1958-05-18,0,1916-11-12,0,2,0,0,🇬🇧,0,0,1,0.0
2,Heinz Schiller,,0,Switzerland,1,,,0,1962-06-17,1962-08-05,0,1930-01-25,0,1,0,0,🇨🇭,0,0,1,0.0
2,Eppie Wietzes,,0,Canada,0,,,0,1967-08-27,1974-09-22,0,1938-05-28,0,2,0,0,🇨🇦,0,0,2,0.0
2,Don Branson,,1,USA,0,,,0,1959-05-30,1960-05-30,0,1920-06-02,0,2,0,1,🇺🇸,0,1,1,3.0
2,Dick Gibson,,0,UK,0,,,0,1957-08-04,1958-08-03,0,1918-04-16,0,2,0,0,🇬🇧,0,0,2,0.0
2,Ernie McCoy,,2,USA,0,,,0,1953-05-30,1954-05-31,0,1921-02-19,0,2,0,1,🇺🇸,0,0,0,0.0
2,Henri Louveau,,0,France,0,,,0,1950-09-03,1951-05-27,0,1910-01-25,0,2,0,0,🇫🇷,0,0,2,0.0
2,Mack Hellings,,1,USA,0,,,0,1950-05-30,1951-05-30,0,1915-09-14,0,2,0,0,🇺🇸,0,0,1,0.0
2,Ernst Klodwig,,2,Germany,0,,,0,1952-08-03,1953-08-02,0,1903-05-23,0,2,0,0,🇩🇪,0,0,0,0.0
2,Dennis Poore,,2,UK,0,,,0,1952-07-19,1952-09-07,0,1916-08-19,0,1,0,1,🇬🇧,0,1,0,3.0
2,Dempsey Wilson,,1,USA,0,,,0,1958-05-30,1960-05-30,0,1927-03-11,0,2,0,0,🇺🇸,0,0,1,0.0
2,Hermann Lang,,1,Germany,0,,,0,1953-08-23,1954-08-01,0,1909-04-06,0,2,0,1,🇩🇪,0,1,1,2.0
2,Alberto Uria,,1,Uruguay,0,,,0,1955-01-16,1956-01-22,0,1924-07-11,0,2,0,1,🇺🇾,0,0,1,0.0
2,Rudolf Krause,,1,Germany,0,,,0,1952-08-03,1953-08-02,0,1907-03-30,0,2,0,0,🇩🇪,0,0,1,0.0
2,Jean-Louis Schlesser,,1,France,1,,,0,1983-04-17,1988-09-11,0,1948-09-12,0,2,0,0,🇫🇷,0,0,0,0.0
2,Mikko Kozarowitzky,,0,Finland,2,,,0,1977-06-19,1977-07-16,0,1948-05-17,0,1,0,0,🇫🇮,0,0,0,0.0
2,Walt Brown,,1,USA,0,,,0,1950-05-30,1951-05-30,0,1911-12-30,0,2,0,0,🇺🇸,0,0,1,0.0
2,Pablo Birger,,0,Argentina,0,,,0,1953-01-18,1955-01-16,0,1924-01-07,0,2,0,0,🇦🇷,0,0,2,0.0
2,Paddy Driver,,0,South Africa,1,,,0,1963-12-28,1974-03-30,0,1934-03-13,0,2,0,0,🇿🇦,0,0,1,0.0
2,Brian Shawe Taylor,,2,UK,0,,,0,1950-05-13,1951-07-14,0,1915-01-28,0,2,0,2,🇬🇧,0,0,0,0.0
2,David Prophet,,1,UK,0,,,0,1963-12-28,1965-01-01,0,1937-10-09,0,2,0,0,🇬🇧,0,0,1,0.0
2,Willi Heeks,,0,Germany,0,,,0,1952-08-03,1953-08-02,0,1922-02-13,0,2,0,0,🇩🇪,0,0,2,0.0
2,Alessandro de Tomaso,,1,Argentina,0,,,0,1957-01-13,1959-12-12,0,1928-07-10,0,2,0,1,🇦🇷,0,0,1,0.0
2,John Nicholson,,1,New Zealand,1,,,0,1974-07-20,1975-07-19,0,1941-10-06,0,2,0,0,🇳🇿,0,0,0,0.0
2,Franco Comotti,,1,Italy,0,,,0,1950-09-03,1952-07-06,0,1906-07-24,0,2,0,0,🇮🇹,0,0,1,0.0
2,Renato Pirocchi,,1,Italy,1,,,0,1961-08-06,1961-09-10,0,1933-03-26,0,1,0,0,🇮🇹,0,0,0,0.0
2,David Hampshire,,1,UK,0,,,0,1950-05-13,1950-07-02,0,1917-12-29,0,1,0,1,🇬🇧,0,0,1,0.0
2,Franco Forini,,0,Switzerland,0,,,0,1987-09-06,1987-09-20,0,1958-09-22,0,1,0,0,🇨🇭,0,0,2,0.0
2,Eugène Martin,,0,France,0,,,0,1950-05-13,1950-06-04,0,1915-03-24,0,1,0,0,🇫🇷,0,0,2,0.0
2,Günther Seiffert,,0,Germany,2,,,0,1962-08-05,1963-09-08,0,1937-10-18,0,2,0,0,🇩🇪,0,0,0,0.0
2,Massimo Natili,,0,Italy,1,,,0,1961-07-15,1961-09-10,0,1935-07-28,0,1,0,0,🇮🇹,0,0,1,0.0
2,Mauri Rose,,1,USA,0,,,1,1950-05-30,1951-05-30,0,1906-05-26,0,2,0,1,🇺🇸,0,1,1,4.0
2,Gérard Larrousse,,0,France,1,,,0,1974-05-12,1974-07-07,0,1940-05-23,0,1,0,0,🇫🇷,0,0,1,0.0
2,Alan Rees,,2,UK,0,,,0,1967-07-15,1967-08-06,0,1938-01-12,0,1,0,2,🇬🇧,0,0,0,0.0
2,Al Pease,,0,Canada,0,,,0,1967-08-27,1969-09-20,0,1921-10-15,0,2,0,0,🇨🇦,0,0,2,0.0
2,Lee Wallard,1951-05-30,2,USA,0,1951-05-30,,1,1950-05-30,1951-05-30,0,1910-09-07,0,2,0,2,🇺🇸,1,1,0,9.0
2,Chris Lawrence,,1,UK,0,,,0,1966-07-16,1966-08-07,0,1933-07-27,0,1,0,0,🇬🇧,0,0,1,0.0
2,Lloyd Ruby,,1,USA,0,,,0,1960-05-30,1961-10-08,0,1928-01-12,0,2,0,1,🇺🇸,0,0,1,0.0
2,Rodney Nuckey,,1,UK,0,,,0,1953-08-02,1954-07-17,0,1929-06-26,0,2,0,0,🇬🇧,0,0,1,0.0
2,Noritake Takahara,,1,Japan,0,,,0,1976-10-24,1977-10-23,0,1951-06-06,0,2,0,1,🇯🇵,0,0,1,0.0
2,Roger Laurent,,2,Belgium,0,,,0,1952-06-22,1952-08-03,0,1913-02-21,0,1,0,1,🇧🇪,0,0,0,0.0
2,Chet Miller,,0,USA,0,,,0,1951-05-30,1952-05-30,0,1902-07-19,0,2,0,0,🇺🇸,0,0,2,0.0
2,Leslie Marr,,1,UK,0,,,0,1954-07-17,1955-07-16,0,1922-08-14,0,2,0,0,🇬🇧,0,0,1,0.0
2,Kurt Kuhnke,,0,Germany,2,,,0,1962-09-16,1963-08-04,0,1910-04-30,0,2,0,0,🇩🇪,0,0,0,0.0
2,Kurt Ahrens,,1,Germany,0,,,0,1967-08-06,1968-08-04,0,1940-04-19,0,2,0,0,🇩🇪,0,0,1,0.0
2,Roger Penske,,2,USA,0,,,0,1961-10-08,1962-10-07,0,1937-02-20,0,2,0,2,🇺🇸,0,0,0,0.0
2,Damien Magee,,1,UK,1,,,0,1975-06-08,1976-07-04,0,1945-11-17,0,2,0,0,🇬🇧,0,0,0,0.0
2,Franck Lagorce,,1,France,0,,,0,1994-11-06,1994-11-13,0,1968-09-01,0,1,0,0,🇫🇷,0,0,1,0.0
2,Kevin Cogan,,0,USA,2,,,0,1980-09-28,1981-03-15,0,1956-03-31,0,2,0,0,🇺🇸,0,0,0,0.0
2,Gary Brabham,,0,Australia,2,,,0,1990-03-11,1990-03-25,0,1961-03-29,0,1,0,0,🇦🇺,0,0,0,0.0
2,Cecil Green,,1,USA,0,,,0,1950-05-30,1951-05-30,0,1919-09-30,0,2,0,1,🇺🇸,0,1,1,3.0
2,Günther Bechem,,0,Germany,0,,,0,1952-08-03,1953-08-02,0,1921-12-21,0,2,0,0,🇩🇪,0,0,2,0.0
2,Carlo Abate,,0,Italy,2,,,0,1962-07-08,1963-09-08,0,1932-07-10,0,2,0,0,🇮🇹,0,0,0,0.0
2,Carl Scarborough,,1,USA,0,,,0,1951-05-30,1953-05-30,0,1914-07-03,0,2,0,0,🇺🇸,0,0,1,0.0
2,Max de Terra,,1,Switzerland,0,,,0,1952-05-18,1953-08-23,0,1918-10-06,0,2,0,1,🇨🇭,0,0,1,0.0
2,Sam Posey,,1,USA,0,,,0,1971-10-03,1972-10-08,0,1944-05-26,0,2,0,0,🇺🇸,0,0,1,0.0
2,Jackie Holmes,,1,USA,0,,,0,1950-05-30,1953-05-30,0,1920-09-04,0,2,0,0,🇺🇸,0,0,1,0.0
2,Ken Downing,,1,UK,0,,,0,1952-07-19,1952-08-17,0,1917-12-05,0,1,0,1,🇬🇧,0,0,1,0.0
2,Red Amick,,1,USA,0,,,0,1959-05-30,1960-05-30,0,1929-01-19,0,2,0,0,🇺🇸,0,0,1,0.0
2,Hiroshi Fushida,,0,Japan,2,,,0,1975-06-22,1975-07-19,0,1946-03-10,0,1,0,0,🇯🇵,0,0,0,0.0
2,Keith Andrews,,0,USA,0,,,0,1955-05-30,1956-05-30,0,1920-06-15,0,2,0,0,🇺🇸,0,0,2,0.0
2,Kazuyoshi Hoshino,,1,Japan,0,,,0,1976-10-24,1977-10-23,0,1947-07-01,0,2,0,0,🇯🇵,0,0,1,0.0
2,Giorgio Francia,,0,Italy,2,,,0,1977-09-11,1981-06-21,0,1947-11-08,0,2,0,0,🇮🇹,0,0,0,0.0
2,Brausch Niemann,,1,South Africa,1,,,0,1963-12-28,1965-01-01,0,1939-01-07,0,2,0,0,🇿🇦,0,0,0,0.0
2,Chris Craft,,0,UK,1,,,0,1971-09-19,1971-10-03,0,1939-11-17,0,1,0,0,🇬🇧,0,0,1,0.0
2,Bobby Rahal,,1,USA,0,,,0,1978-10-01,1978-10-08,0,1953-01-10,0,1,0,0,🇺🇸,0,0,1,0.0
2,Bobby Grim,,1,USA,0,,,0,1959-05-30,1960-05-30,0,1924-09-04,0,2,0,0,🇺🇸,0,0,1,0.0
2,Bobby Ball,,1,USA,0,,,0,1951-05-30,1952-05-30,0,1925-08-26,0,2,0,1,🇺🇸,0,1,1,2.0
2,Gene Force,,1,USA,0,,,0,1951-05-30,1960-05-30,0,1916-06-15,0,2,0,0,🇺🇸,0,0,1,0.0
2,Jim Crawford,,1,UK,0,,,0,1975-07-19,1975-09-07,0,1948-02-13,0,1,0,0,🇬🇧,0,0,1,0.0
2,Geoff Crossley,,1,UK,0,,,0,1950-05-13,1950-06-18,0,1921-05-11,0,1,0,1,🇬🇧,0,0,1,0.0
2,Billy Garrett,,1,USA,0,,,0,1956-05-30,1958-05-30,0,1922-04-24,0,2,0,0,🇺🇸,0,0,1,0.0
2,Jim McWithey,,2,USA,0,,,0,1959-05-30,1960-05-30,0,1927-07-04,0,2,0,0,🇺🇸,0,0,0,0.0
2,George Abecassis,,0,UK,0,,,0,1951-05-27,1952-05-18,0,1913-03-21,0,2,0,0,🇬🇧,0,0,2,0.0
2,Bill Holland,,2,USA,0,,,1,1950-05-30,1953-05-30,0,1907-12-18,0,2,0,1,🇺🇸,0,1,0,6.0
2,Gaetano Starrabba,,0,Italy,1,,,0,1961-09-10,1963-09-08,0,1932-12-03,0,2,0,0,🇮🇹,0,0,1,0.0
2,Jud Larson,,1,USA,0,,,0,1958-05-30,1959-05-30,0,1923-01-21,0,2,0,1,🇺🇸,0,0,1,0.0
2,Tiff Needell,,0,UK,1,,,0,1980-05-04,1980-05-18,0,1951-10-29,0,1,0,0,🇬🇧,0,0,1,0.0
2,Jimmy Jackson,,1,USA,0,,,0,1950-05-30,1954-05-31,0,1910-07-25,0,2,0,0,🇺🇸,0,0,1,0.0
2,Toni Ulmen,,1,Germany,0,,,0,1952-05-18,1952-08-03,0,1906-01-25,0,1,0,1,🇩🇪,0,0,1,0.0
2,Mike Fisher,,1,USA,0,,,0,1967-08-27,1967-10-22,0,1943-03-13,0,1,0,0,🇺🇸,0,0,1,0.0
2,Basil van Rooyen,,0,South Africa,0,,,0,1968-01-01,1969-03-01,0,1939-04-19,0,2,0,0,🇿🇦,0,0,2,0.0
2,Jan Flinterman,,1,Netherlands,0,,,0,1952-08-17,1952-08-17,0,1919-10-02,0,1,0,1,🇳🇱,0,0,1,0.0
2,Jo Schlesser,,0,France,0,,,0,1967-08-06,1968-07-07,0,1928-05-18,0,2,0,0,🇫🇷,0,0,2,0.0
2,Arthur Legat,,1,Belgium,0,,,0,1952-06-22,1953-06-21,0,1898-11-01,0,2,0,0,🇧🇪,0,0,1,0.0
2,Roger Williamson,,0,UK,0,,,0,1973-07-14,1973-07-29,0,1948-02-02,0,1,0,0,🇬🇧,0,0,2,0.0
2,Tony Crook,,1,UK,0,,,0,1952-07-19,1953-07-18,0,1920-02-16,0,2,0,0,🇬🇧,0,0,1,0.0
2,Torsten Palm,,1,Sweden,1,,,0,1975-05-11,1975-06-08,0,1947-07-23,0,1,0,1,🇸🇪,0,0,0,0.0
2,Jorge Daponte,,1,Argentina,0,,,0,1954-01-17,1954-09-05,0,1923-06-05,0,1,0,0,🇦🇷,0,0,1,0.0
2,Toshio Suzuki,,2,Japan,0,,,0,1993-10-24,1993-11-07,0,1955-03-10,0,1,0,0,🇯🇵,0,0,0,0.0
2,Trevor Blokdyk,,1,South Africa,1,,,0,1963-12-28,1965-01-01,0,1935-11-30,0,2,0,0,🇿🇦,0,0,0,0.0
2,Joe James,,1,USA,0,,,0,1951-05-30,1952-05-30,0,1925-05-23,0,2,0,0,🇺🇸,0,0,1,0.0
2,Joe Kelly,,0,Ireland,0,,,0,1950-05-13,1951-07-14,0,1913-03-13,0,2,0,0,🇮🇪,0,0,2,0.0
2,André Testut,,0,Monaco,2,,,0,1958-05-18,1959-05-10,0,1926-04-13,0,2,0,0,🇲🇨,0,0,0,0.0
2,Georges Berger,,0,Belgium,0,,,0,1953-06-21,1954-07-04,0,1918-09-14,0,2,0,0,🇧🇪,0,0,2,0.0
2,Alfonso Thiele,,0,USA,1,,,0,1960-09-04,1961-09-10,0,1922-05-05,0,2,0,0,🇺🇸,0,0,1,0.0
2,Vic Wilson,,0,UK,1,,,0,1960-09-04,1966-06-12,0,1931-04-14,0,2,0,0,🇬🇧,0,0,1,0.0
2,John Fitch,,1,USA,0,,,0,1953-09-13,1955-09-11,0,1917-08-04,0,2,0,1,🇺🇸,0,0,1,0.0
2,Mike Taylor,,0,UK,0,,,0,1959-07-18,1960-06-19,0,1934-04-24,0,2,0,0,🇬🇧,0,0,2,0.0
20,Jérôme d'Ambrosio,,17,Belgium,0,,,0,2011-03-27,2012-09-09,0,1985-12-27,0,2,0,0,🇧🇪,0,0,3,0.0
20,Zsolt Baumgartner,,12,Hungary,0,,,0,2003-08-24,2004-10-24,0,1981-01-01,0,2,0,3,🇭🇺,0,1,8,1.0
20,François Hesnault,,5,France,1,,,0,1984-03-25,1985-08-04,0,1956-12-30,0,2,0,5,🇫🇷,0,0,14,0.0
20,Hans Herrmann,,9,Germany,3,,,1,1953-08-02,1961-08-06,0,1928-02-23,0,8,0,7,🇩🇪,0,5,8,10.0
20,Ian Scheckter,,4,South Africa,2,,,0,1974-03-30,1977-10-09,0,1947-08-22,0,4,0,1,🇿🇦,0,0,14,0.0
20,Alex Ribeiro,,6,Brazil,10,,,0,1976-10-10,1979-10-07,0,1948-11-07,0,3,0,2,🇧🇷,0,0,4,0.0
20,Fabrizio Barbazza,,3,Italy,12,,,0,1991-04-28,1993-07-04,0,1963-04-02,0,2,0,2,🇮🇹,0,2,5,2.0
20,Antônio Pizzonia,,11,Brazil,0,,,0,2003-03-09,2005-10-16,0,1980-09-11,0,3,0,8,🇧🇷,0,4,9,8.0
20,Julian Bailey,,5,UK,13,,,0,1988-04-03,1991-05-12,0,1961-10-09,0,2,0,2,🇬🇧,0,1,2,1.0
202,Alain Prost,1981-07-05,143,France,1,1993-07-25,,106,1980-01-13,1993-11-07,4,1955-02-24,33,13,4,138,🇫🇷,51,128,58,798.5
202,Jean Alesi,1995-06-11,119,France,0,1995-06-11,,32,1989-07-09,2001-10-14,0,1964-06-11,2,13,0,106,🇫🇷,1,70,83,241.0
206,Nico Rosberg,2012-04-15,177,Germany,0,2016-10-09,6,57,2006-03-12,2016-11-27,1,1985-06-27,30,11,2,144,🇩🇪,23,133,29,1594.5
207,Nelson Piquet,1980-03-30,122,Brazil,3,1991-06-02,,60,1978-07-30,1991-11-03,3,1952-08-17,24,14,1,115,🇧🇷,23,100,82,485.5
21,Adrián Campos,,2,Spain,4,,,0,1987-04-12,1988-06-12,0,1960-06-17,0,2,0,0,🇪🇸,0,0,15,0.0
21,Sakon Yamamoto,,14,Japan,0,,,0,2006-07-30,2010-10-24,0,1982-07-09,0,3,0,0,🇯🇵,0,0,7,0.0
21,Jolyon Palmer,,15,UK,0,,30,0,2016-03-20,2016-11-27,0,1991-01-20,0,1,0,1,🇬🇧,0,1,6,1.0
21,Pascal Wehrlein,,16,Germany,0,,94,0,2016-03-20,2016-11-27,0,1994-10-18,0,1,0,1,🇩🇪,0,1,5,1.0
21,Oscar Larrauri,,2,Argentina,13,,,0,1988-04-03,1989-11-05,0,1954-08-19,0,2,0,0,🇦🇷,0,0,6,0.0
21,Gastón Mazzacane,,13,Argentina,0,,,0,2000-03-12,2001-04-15,0,1975-05-08,0,2,0,3,🇦🇷,0,0,8,0.0
210,Gerhard Berger,1986-10-12,124,Austria,0,1997-07-27,,48,1984-08-19,1997-10-26,0,1959-08-27,12,14,0,112,🇦🇹,10,94,86,385.0
214,Andrea de Cesaris,,71,Italy,6,,,5,1980-09-28,1994-10-16,0,1959-05-31,1,15,0,52,🇮🇹,0,22,137,59.0
215,Michele Alboreto,1982-09-25,102,Italy,21,1985-08-04,,23,1981-05-03,1994-11-13,0,1956-12-23,2,14,1,74,🇮🇹,5,47,92,186.5
217,Mark Webber,2009-07-12,160,Australia,0,2012-07-08,,42,2002-03-03,2013-11-24,0,1976-08-27,13,12,0,132,🇦🇺,9,112,57,1047.5
22,Stefan Bellof,,7,Germany,2,,,0,1984-03-25,1985-08-25,0,1957-11-20,0,2,0,4,🇩🇪,0,2,13,4.0
22,Gregor Foitek,,2,Switzerland,15,,,0,1989-03-26,1990-08-12,0,1965-03-27,0,2,0,1,🇨🇭,0,0,5,0.0
23,Johnny Cecotto,,7,Venezuela,5,,,0,1983-03-13,1984-07-22,0,1956-01-25,0,2,0,3,🇻🇪,0,1,11,1.0
23,Toulo de Graffenried,,12,Switzerland,1,,,0,1950-05-13,1956-09-02,0,1914-05-18,0,6,0,11,🇨🇭,0,4,10,9.0
23,Reine Wisell,,8,Sweden,0,,,1,1970-10-04,1974-06-09,0,1941-09-30,0,5,0,7,🇸🇪,0,5,15,13.0
231,Giancarlo Fisichella,2003-04-06,162,Italy,1,2006-03-19,,19,1996-03-10,2009-11-01,0,1973-01-14,4,14,0,112,🇮🇹,3,73,68,275.0
24,Anthony Davidson,,14,UK,0,,,0,2002-08-18,2008-04-27,0,1979-04-18,0,4,0,0,🇬🇧,0,0,10,0.0
247,David Coulthard,1995-09-24,169,UK,0,2003-03-09,,62,1994-05-29,2008-11-02,0,1971-03-27,12,15,1,146,🇬🇧,13,121,78,535.0
25,Johnny Claes,,13,Belgium,2,,,0,1950-05-13,1955-06-19,0,1916-08-11,0,5,0,6,🇧🇪,0,0,10,0.0
25,Jan Magnussen,,9,Denmark,0,,,0,1995-10-22,1998-06-07,0,1973-07-04,0,3,0,6,🇩🇰,0,1,16,1.0
252,Felipe Massa,2006-08-27,212,Brazil,1,2008-11-02,19,41,2002-03-03,2016-11-27,0,1981-04-25,16,14,1,174,🇧🇷,11,152,39,1124.0
253,Kimi Räikkönen,2003-03-23,198,Finland,0,2013-03-17,7,84,2001-03-04,2016-11-27,1,1979-10-17,16,14,2,183,🇫🇮,20,171,55,1360.0
256,Jarno Trulli,2004-05-23,170,Italy,0,2004-05-23,,11,1997-03-09,2011-11-27,0,1974-07-13,4,15,0,106,🇮🇹,1,72,86,246.5
257,Riccardo Patrese,1982-05-23,126,Italy,0,1992-10-25,,37,1977-05-22,1993-11-07,0,1957-04-17,8,17,1,108,🇮🇹,6,73,131,281.0
26,Giancarlo Baghetti,1961-07-02,10,Italy,5,1961-07-02,,1,1961-07-02,1967-09-10,0,1934-12-25,0,7,0,8,🇮🇹,1,3,11,14.0
26,Luigi Musso,1956-01-22,14,Italy,0,1956-01-22,,7,1953-09-13,1958-07-06,0,1924-07-28,0,6,0,14,🇮🇹,1,9,12,45.0
26,Ian Burgess,,9,UK,10,,,0,1958-07-19,1963-09-08,0,1936-06-06,0,6,0,3,🇬🇧,0,0,7,0.0
26,Bob Anderson,,15,UK,1,,,1,1963-07-20,1967-07-15,0,1931-05-19,0,5,0,11,🇬🇧,0,4,10,8.0
26,Tarso Marques,,10,Brazil,2,,,0,1996-03-31,2001-09-02,0,1976-01-19,0,3,0,3,🇧🇷,0,0,14,0.0
27,Paul Belmondo,,5,France,19,,,0,1992-03-01,1994-11-13,0,1963-04-23,0,2,0,1,🇫🇷,0,0,3,0.0
27,Sébastien Bourdais,,20,France,0,,,0,2008-03-16,2009-07-12,0,1979-02-28,0,2,0,7,🇫🇷,0,4,7,6.0
27,Tony Maggs,,18,South Africa,2,,,3,1961-07-15,1965-01-01,0,1937-02-09,0,5,0,15,🇿🇦,0,9,7,26.0
274,Fernando Alonso,2003-08-24,228,Spain,0,2013-05-12,14,97,2001-03-04,2016-11-27,2,1981-07-29,22,15,3,195,🇪🇸,32,188,46,1832.0
28,Nelson Piquet Jr.,,17,Brazil,0,,,1,2008-03-16,2009-07-26,0,1985-07-25,0,2,0,7,🇧🇷,0,5,11,19.0
28,Andrea Montermini,,4,Italy,1,,,0,1994-05-29,1996-07-14,0,1964-05-30,0,3,0,3,🇮🇹,0,0,23,0.0
28,Cristiano da Matta,,20,Brazil,0,,,0,2003-03-09,2004-07-25,0,1973-09-19,0,2,0,11,🇧🇷,0,5,8,13.0
28,Huub Rothengatter,,6,Netherlands,2,,,0,1984-06-17,1986-10-26,0,1954-10-08,0,3,0,5,🇳🇱,0,0,20,0.0
28,Scott Speed,,17,USA,0,,,0,2006-03-12,2007-07-22,0,1983-01-24,0,2,0,4,🇺🇸,0,0,11,0.0
28,Wolfgang von Trips,1961-05-22,19,Germany,1,1961-07-15,,6,1956-09-02,1961-09-10,0,1928-05-04,1,6,1,18,🇩🇪,2,14,8,56.0
29,José Froilán González,1951-07-14,19,Argentina,0,1954-07-17,,15,1950-05-21,1960-02-07,0,1922-10-05,3,9,1,19,🇦🇷,2,19,10,77.64
29,Eric van de Poele,,3,Belgium,24,,,0,1991-03-10,1992-09-13,0,1961-09-30,0,2,0,2,🇧🇪,0,0,2,0.0
29,Roberto Guerrero,,5,Colombia,7,,,0,1982-01-23,1983-09-25,0,1958-11-16,0,2,0,1,🇨🇴,0,0,17,0.0
29,Enrique Bernoldi,,9,Brazil,1,,,0,2001-03-04,2002-07-28,0,1978-10-19,0,2,0,3,🇧🇷,0,0,19,0.0
29,Trevor Taylor,,12,UK,2,,,1,1959-07-18,1966-07-16,0,1936-12-26,0,6,0,9,🇬🇧,0,3,15,8.0
29,Harald Ertl,,11,Austria,10,,,0,1975-08-03,1980-08-10,0,1948-08-31,0,5,0,6,🇦🇹,0,0,8,0.0
29,Piers Courage,,9,UK,1,,,2,1967-01-02,1970-06-21,0,1942-05-27,0,4,0,9,🇬🇧,0,6,19,20.0
29,Mike Beuttler,,13,UK,1,,,0,1971-07-17,1973-10-07,0,1940-04-13,0,3,0,6,🇬🇧,0,0,15,0.0
29,Robert Manzon,,11,France,1,,,2,1950-05-21,1956-09-02,0,1917-04-12,0,7,0,10,🇫🇷,0,5,17,16.0
3,Tomáš Enge,,2,Czech Republic,0,,,0,2001-09-16,2001-10-14,0,1976-09-11,0,1,0,0,🇨🇿,0,0,1,0.0
3,Bill Cheesbourg,,1,USA,0,,,0,1957-05-30,1959-05-30,0,1927-06-12,0,3,0,1,🇺🇸,0,0,2,0.0
3,Bill Homeier,,2,USA,0,,,0,1954-05-31,1960-05-30,0,1918-08-31,0,3,0,1,🇺🇸,0,1,1,1.0
3,Theo Helfrich,,1,Germany,0,,,0,1952-08-03,1954-08-01,0,1913-05-13,0,3,0,0,🇩🇪,0,0,2,0.0
3,Bill Schindler,,1,USA,0,,,0,1950-05-30,1952-05-30,0,1909-03-06,0,3,0,0,🇺🇸,0,0,2,0.0
3,Jean-Denis Délétraz,,1,Switzerland,0,,,0,1994-11-13,1995-10-01,0,1963-10-01,0,2,0,0,🇨🇭,0,0,2,0.0
3,Anthony Foyt,,2,USA,0,,,0,1958-05-30,1960-05-30,0,1935-01-16,0,3,0,1,🇺🇸,0,0,1,0.0
3,Neville Lederle,,1,South Africa,2,,,0,1962-12-29,1965-01-01,0,1938-09-25,0,3,0,1,🇿🇦,0,1,0,1.0
3,Len Sutton,,1,USA,0,,,0,1958-05-30,1960-05-30,0,1925-08-09,0,3,0,0,🇺🇸,0,0,2,0.0
3,Paul Pietsch,,0,Germany,0,,,0,1950-09-03,1952-08-03,0,1911-06-20,0,3,0,0,🇩🇪,0,0,3,0.0
3,Colin Davis,,1,UK,1,,,0,1959-07-05,1962-07-08,0,1933-07-29,0,2,0,0,🇬🇧,0,0,1,0.0
3,Paul Goldsmith,,2,USA,0,,,1,1958-05-30,1960-05-30,0,1927-10-02,0,3,0,2,🇺🇸,0,2,1,6.0
3,Paul Hawkins,,2,Australia,0,,,0,1965-01-01,1965-08-01,0,1937-10-12,0,1,0,2,🇦🇺,0,0,1,0.0
3,George Connor,,2,USA,0,,,0,1950-05-30,1952-05-30,0,1906-08-16,0,3,0,2,🇺🇸,0,0,1,0.0
3,Giovanna Amati,,0,Italy,3,,,0,1992-03-01,1992-04-05,0,1962-07-20,0,1,0,0,🇮🇹,0,0,0,0.0
3,Jay Chamberlain,,1,USA,2,,,0,1962-07-21,1962-09-16,0,1925-12-29,0,1,0,0,🇺🇸,0,0,0,0.0
3,Les Leston,,0,UK,1,,,0,1956-09-02,1957-07-20,0,1920-12-16,0,2,0,0,🇬🇧,0,0,2,0.0
3,Johnnie Tolan,,1,USA,0,,,0,1956-05-30,1958-05-30,0,1917-10-22,0,3,0,0,🇺🇸,0,0,2,0.0
3,Shorty Templeman,,1,USA,0,,,0,1955-05-30,1960-05-30,0,1919-08-12,0,3,0,0,🇺🇸,0,0,2,0.0
3,Mike Nazaruk,,2,USA,0,,,1,1951-05-30,1954-05-31,0,1921-10-02,0,3,0,2,🇺🇸,0,2,1,8.0
3,Tony Shelly,,0,New Zealand,2,,,0,1962-07-21,1962-09-16,0,1937-02-02,0,1,0,0,🇳🇿,0,0,1,0.0
3,José Dolhem,,0,France,2,,,0,1974-07-07,1974-10-06,0,1944-04-26,0,1,0,0,🇫🇷,0,0,1,0.0
3,Cal Niday,,1,USA,0,,,0,1953-05-30,1955-05-30,0,1914-04-29,0,3,0,1,🇺🇸,0,0,2,0.0
3,Mike Magill,,0,USA,0,,,0,1957-05-30,1959-05-30,0,1920-02-08,0,3,0,0,🇺🇸,0,0,3,0.0
3,Ernie Pieterse,,1,South Africa,1,,,0,1962-12-29,1965-01-01,0,1938-07-04,0,3,0,1,🇿🇦,0,0,1,0.0
3,Tony Rolt,,0,UK,0,,,0,1950-05-13,1955-07-16,0,1918-10-16,0,3,0,0,🇬🇧,0,0,3,0.0
3,Jacques Villeneuve Sr.,,0,Canada,3,,,0,1981-09-27,1983-06-12,0,1953-11-04,0,2,0,0,🇨🇦,0,0,0,0.0
3,Hideki Noda,,0,Japan,0,,,0,1994-10-16,1994-11-13,0,1969-03-07,0,1,0,0,🇯🇵,0,0,3,0.0
3,Roland Ratzenberger,,1,Austria,1,,,0,1994-03-27,1994-05-01,0,1960-07-04,0,1,0,0,🇦🇹,0,0,1,0.0
3,Charles de Tornaco,,1,Belgium,1,,,0,1952-06-22,1952-09-07,0,1927-06-07,0,1,0,1,🇧🇪,0,0,1,0.0
3,Cliff Griffith,,2,USA,0,,,0,1951-05-30,1956-05-30,0,1916-02-06,0,3,0,2,🇺🇸,0,0,1,0.0
3,Henry Banks,,2,USA,0,,,0,1950-05-30,1952-05-30,0,1913-06-14,0,3,0,1,🇺🇸,0,0,1,0.0
3,Gianfranco Brancatelli,,0,Italy,3,,,0,1979-04-29,1979-05-27,0,1950-01-18,0,1,0,0,🇮🇹,0,0,0,0.0
3,Bill Brack,,0,Canada,0,,,0,1968-09-22,1972-09-24,0,1935-12-26,0,3,0,0,🇨🇦,0,0,3,0.0
3,Johnny McDowell,,2,USA,0,,,0,1950-05-30,1952-05-30,0,1915-01-29,0,3,0,0,🇺🇸,0,0,1,0.0
3,Alberto Colombo,,0,Italy,3,,,0,1978-05-21,1978-09-10,0,1946-02-23,0,1,0,0,🇮🇹,0,0,0,0.0
3,Cuth Harrison,,1,UK,0,,,0,1950-05-13,1950-09-03,0,1906-07-06,0,1,0,1,🇬🇧,0,0,2,0.0
3,Helmuth Koinigg,,1,Austria,1,,,0,1974-08-18,1974-10-06,0,1948-11-03,0,1,0,1,🇦🇹,0,0,1,0.0
3,Hubert Hahne,,1,Germany,1,,,0,1967-08-06,1970-08-02,0,1935-03-28,0,3,0,1,🇩🇪,0,0,1,0.0
3,Roberto Lippi,,0,Italy,2,,,0,1961-09-10,1963-09-08,0,1926-10-17,0,3,0,0,🇮🇹,0,0,1,0.0
3,Ray Crawford,,0,USA,0,,,0,1955-05-30,1959-05-30,0,1915-10-26,0,3,0,0,🇺🇸,0,0,3,0.0
3,George Fonder,,2,USA,0,,,0,1952-05-30,1954-05-31,0,1917-06-22,0,2,0,0,🇺🇸,0,0,1,0.0
3,Giacomo Russo,,1,Italy,1,,,0,1964-09-06,1966-09-04,0,1937-10-23,0,3,0,1,🇮🇹,0,0,1,0.0
3,David Piper,,1,UK,0,,,0,1959-07-18,1960-07-16,0,1930-12-02,0,2,0,0,🇬🇧,0,0,2,0.0
3,Divina Galica,,0,UK,3,,,0,1976-07-18,1978-01-29,0,1944-08-13,0,2,0,0,🇬🇧,0,0,0,0.0
3,Piero Carini,,0,Italy,0,,,0,1952-07-06,1953-09-13,0,1921-03-06,0,2,0,0,🇮🇹,0,0,3,0.0
3,Bill Aston,,0,UK,2,,,0,1952-07-19,1952-09-07,0,1900-03-29,0,1,0,0,🇬🇧,0,0,1,0.0
3,Doug Serrurier,,1,South Africa,1,,,0,1962-12-29,1965-01-01,0,1920-12-09,0,3,0,0,🇿🇦,0,0,1,0.0
3,Duke Nalon,,1,USA,0,,,0,1951-05-30,1953-05-30,0,1913-03-02,1,3,0,0,🇺🇸,0,0,2,0.0
3,Eddie Keizan,,2,South Africa,0,,,0,1973-03-03,1975-03-01,0,1944-09-12,0,3,0,0,🇿🇦,0,0,1,0.0
3,Fritz d'Orey,,1,Brazil,0,,,0,1959-07-05,1959-12-12,0,1938-03-25,0,1,0,1,🇧🇷,0,0,2,0.0
3,Fred Wacker,,2,USA,0,,,0,1953-06-21,1954-09-05,0,1918-07-10,0,2,0,2,🇺🇸,0,0,1,0.0
3,Guy Mairesse,,2,France,0,,,0,1950-09-03,1951-07-01,0,1910-08-10,0,2,0,1,🇫🇷,0,0,1,0.0
3,Otto Stuppacher,,0,Austria,3,,,0,1976-09-12,1976-10-10,0,1947-03-03,0,1,0,0,🇦🇹,0,0,0,0.0
3,Ottorino Volonterio,,1,Switzerland,0,,,0,1954-10-24,1957-09-08,0,1917-12-07,0,3,0,0,🇨🇭,0,0,2,0.0
3,Eitel Cantoni,,1,Uruguay,0,,,0,1952-07-19,1952-09-07,0,1906-10-04,0,1,0,0,🇺🇾,0,0,2,0.0
3,Toni Branca,,2,Switzerland,0,,,0,1950-06-04,1951-07-29,0,1916-09-15,0,2,0,1,🇨🇭,0,0,1,0.0
3,Eugène Chaboud,,2,France,0,,,0,1950-06-18,1951-07-01,0,1907-04-12,0,2,0,2,🇫🇷,0,1,1,1.0
30,Ricardo Rosset,,12,Brazil,2,,,0,1996-03-10,1998-11-01,0,1968-07-27,0,3,0,4,🇧🇷,0,0,16,0.0
30,Peter Gethin,1971-09-05,11,UK,0,1971-09-05,,1,1970-06-21,1974-07-20,0,1940-02-21,0,5,0,8,🇬🇧,1,3,19,11.0
30,Raul Boesel,,10,Brazil,7,,,0,1982-01-23,1983-10-15,0,1957-12-04,0,2,0,6,🇧🇷,0,0,13,0.0
30,David Brabham,,7,Australia,6,,,0,1990-05-13,1994-11-13,0,1965-09-05,0,2,0,1,🇦🇺,0,0,17,0.0
308,Michael Schumacher,1992-08-30,241,Germany,0,2006-10-01,,155,1991-08-25,2012-11-25,7,1969-01-03,68,19,2,226,🇩🇪,91,221,67,1566.0
308,Jenson Button,2006-08-06,242,UK,0,2012-11-25,22,50,2000-03-12,2016-11-27,1,1980-01-19,8,17,1,180,🇬🇧,15,162,66,1235.0
31,Peter Revson,1973-07-14,21,USA,1,1973-09-23,,8,1964-05-10,1974-01-27,0,1939-02-27,1,5,0,18,🇺🇸,2,14,9,61.0
31,Carel Godin de Beaufort,,23,Netherlands,3,,,0,1957-08-04,1964-05-24,0,1934-04-10,0,8,0,14,🇳🇱,0,4,5,4.0
32,Bernd Schneider,,3,Germany,23,,,0,1988-04-03,1990-09-30,0,1964-07-20,0,3,0,0,🇩🇪,0,0,6,0.0
32,Luis Pérez-Sala,,11,Spain,6,,,0,1988-04-03,1989-11-05,0,1959-05-15,0,2,0,4,🇪🇸,0,1,15,1.0
32,Pedro Lamy,,19,Portugal,0,,,0,1993-09-12,1996-10-13,0,1972-03-20,0,4,0,9,🇵🇹,0,1,13,1.0
32,Gunnar Nilsson,1977-06-05,14,Sweden,0,1977-06-05,,4,1976-03-06,1977-10-23,0,1948-11-20,0,2,0,10,🇸🇪,1,9,18,31.0
32,Chico Serra,,11,Brazil,13,,,0,1981-03-15,1983-05-15,0,1957-02-03,0,3,0,6,🇧🇷,0,1,8,1.0
32,Toranosuke Takagi,,12,Japan,0,,,0,1998-03-08,1999-10-31,0,1974-02-12,0,2,0,4,🇯🇵,0,0,20,0.0
326,Rubens Barrichello,2000-07-30,229,Brazil,1,2009-09-13,,68,1993-03-14,2011-11-27,0,1972-05-23,14,19,2,172,🇧🇷,11,140,96,658.0
33,Shinji Nakano,,18,Japan,0,,,0,1997-03-09,1998-11-01,0,1971-04-01,0,2,0,9,🇯🇵,0,2,15,2.0
34,Jules Bianchi,,28,France,0,,17,0,2013-03-17,2014-10-05,0,1989-08-03,0,2,0,1,🇫🇷,0,1,6,2.0
35,Andrea de Adamich,,12,Italy,5,,,0,1968-01-01,1973-07-14,0,1941-10-03,0,5,0,6,🇮🇹,0,2,18,6.0
35,Luigi Villoresi,,18,Italy,0,,,8,1950-05-21,1956-09-02,0,1909-05-16,1,7,0,18,🇮🇹,0,14,17,49.0
35,Max Chilton,,32,UK,0,,4,0,2013-03-17,2014-10-12,0,1991-04-21,0,2,0,0,🇬🇧,0,0,3,0.0
36,Kazuki Nakajima,,30,Japan,0,,,0,2007-10-21,2009-11-01,0,1985-01-11,0,3,0,9,🇯🇵,0,5,6,9.0
36,Marc Gené,,23,Spain,0,,,0,1999-03-07,2004-07-11,0,1974-05-29,0,4,0,11,🇪🇸,0,2,13,5.0
36,Mike Spence,,20,UK,0,,,1,1963-09-08,1968-01-01,0,1936-12-30,1,6,0,18,🇬🇧,0,12,16,27.0
36,Alberto Ascari,1951-07-29,22,Italy,0,1953-08-23,,17,1950-05-21,1955-05-22,2,1918-07-13,14,6,1,22,🇮🇹,13,22,14,140.0
36,Tim Schenken,,16,Australia,2,,,1,1970-08-16,1974-10-06,0,1943-09-26,0,5,0,9,🇦🇺,0,3,18,7.0
37,Nino Farina,1950-05-13,27,Italy,0,1953-08-02,,20,1950-05-13,1955-09-11,1,1906-10-30,6,6,1,27,🇮🇹,5,26,10,127.33
37,Peter Collins,1956-06-03,16,UK,2,1958-07-19,,9,1952-05-18,1958-08-03,0,1931-11-06,0,7,0,15,🇬🇧,3,10,19,47.0
37,Rupert Keegan,,12,UK,12,,,0,1977-05-08,1982-09-25,0,1955-02-26,0,4,0,5,🇬🇧,0,0,13,0.0
37,Eliseo Salazar,,8,Chile,13,,,0,1981-03-15,1983-05-22,0,1954-11-14,0,3,0,4,🇨🇱,0,2,16,3.0
37,Brian Henton,,10,UK,17,,,0,1975-07-19,1982-09-25,0,1946-09-19,0,4,0,8,🇬🇧,0,0,10,0.0
37,Tiago Monteiro,,29,Portugal,0,,,1,2005-03-06,2006-10-22,0,1976-07-24,0,2,0,5,🇵🇹,0,2,8,7.0
38,Wilson Fittipaldi,,17,Brazil,3,,,0,1972-05-01,1975-10-05,0,1943-12-25,0,3,0,8,🇧🇷,0,2,18,3.0
38,Ricardo Zonta,,19,Brazil,1,,,0,1999-03-07,2005-06-19,0,1976-03-23,0,5,0,11,🇧🇷,0,3,18,3.0
39,Howden Ganley,,21,New Zealand,3,,,0,1971-03-06,1974-08-04,0,1941-12-24,0,4,0,17,🇳🇿,0,5,15,10.0
39,Charles Pic,,30,France,0,,,0,2012-03-18,2013-11-24,0,1990-02-15,0,2,0,0,🇫🇷,0,0,9,0.0
39,Louis Rosier,,26,France,0,,,2,1950-05-13,1956-08-05,0,1905-11-05,0,7,0,25,🇫🇷,0,6,13,18.0
4,Duke Dinsmore,,2,USA,0,,,0,1950-05-30,1956-05-30,0,1913-04-10,0,4,0,0,🇺🇸,0,0,2,0.0
4,Travis Webb,,1,USA,0,,,0,1950-05-30,1954-05-31,0,1910-10-08,0,4,0,0,🇺🇸,0,0,3,0.0
4,Marshall Teague,,2,USA,0,,,0,1953-05-30,1957-05-30,0,1922-02-22,0,3,0,1,🇺🇸,0,0,2,0.0
4,Tony Gaze,,1,Australia,1,,,0,1952-06-22,1952-09-07,0,1920-02-03,0,1,0,0,🇦🇺,0,0,2,0.0
4,Gino Munaron,,2,Italy,0,,,0,1960-02-07,1960-09-04,0,1928-04-02,0,1,0,0,🇮🇹,0,0,2,0.0
4,Art Cross,,3,USA,0,,,1,1952-05-30,1955-05-30,0,1918-01-24,0,4,0,2,🇺🇸,0,2,1,8.0
4,Giulio Cabianca,,2,Italy,1,,,0,1958-05-18,1960-09-04,0,1923-02-19,0,3,0,1,🇮🇹,0,1,1,3.0
4,David Murray,,0,UK,0,,,0,1950-05-13,1952-07-19,0,1909-12-28,0,3,0,0,🇬🇧,0,0,4,0.0
4,Tom Belsø,,1,Denmark,2,,,0,1974-03-30,1974-07-20,0,1942-08-27,0,1,0,1,🇩🇰,0,0,1,0.0
4,Eddie Sachs,,1,USA,0,,,0,1957-05-30,1960-05-30,0,1927-05-27,1,4,0,0,🇺🇸,0,0,3,0.0
4,Tim Parnell,,1,UK,2,,,0,1959-07-18,1963-08-04,0,1932-06-25,0,3,0,1,🇬🇧,0,0,1,0.0
4,Hans von Stuck,,1,Germany,1,,,0,1952-05-18,1953-09-13,0,1900-12-27,0,2,0,0,🇩🇪,0,0,2,0.0
4,Lance Reventlow,,0,USA,3,,,0,1960-05-29,1960-07-16,0,1936-02-24,0,1,0,0,🇺🇸,0,0,1,0.0
4,Norberto Fontana,,3,Argentina,0,,,0,1997-06-29,1997-10-26,0,1975-01-20,0,1,0,2,🇦🇷,0,0,1,0.0
4,Jackie Pretorius,,0,South Africa,1,,,0,1965-01-01,1973-03-03,0,1934-11-22,0,4,0,0,🇿🇦,0,0,3,0.0
4,Teddy Pilette,,1,Belgium,3,,,0,1974-05-12,1977-09-11,0,1942-07-26,0,2,0,0,🇧🇪,0,0,0,0.0
4,Jack Turner,,1,USA,0,,,0,1956-05-30,1959-05-30,0,1920-02-12,0,4,0,0,🇺🇸,0,0,3,0.0
4,Manny Ayulo,,4,USA,0,,,1,1951-05-30,1954-05-31,0,1921-10-20,0,4,0,1,🇺🇸,0,1,0,2.0
4,Eddie Russo,,1,USA,0,,,0,1955-05-30,1960-05-30,0,1925-11-19,0,4,0,0,🇺🇸,0,0,3,0.0
4,Richard Robarts,,2,UK,1,,,0,1974-01-13,1974-06-09,0,1944-09-22,0,1,0,0,🇬🇧,0,0,1,0.0
4,Ignazio Giunti,,3,Italy,0,,,0,1970-06-07,1970-09-06,0,1941-01-10,0,1,0,2,🇮🇹,0,1,1,3.0
4,Chuck Weyant,,2,USA,0,,,0,1955-05-30,1959-05-30,0,1923-04-03,0,4,0,0,🇺🇸,0,0,2,0.0
4,Yuji Ide,,1,Japan,0,,,0,2006-03-12,2006-04-23,0,1975-01-21,0,1,0,0,🇯🇵,0,0,3,0.0
4,Roberto Bussinello,,1,Italy,2,,,0,1961-09-10,1965-09-12,0,1927-10-04,0,3,0,0,🇮🇹,0,0,1,0.0
4,Gino Bianco,,1,Brazil,0,,,0,1952-07-19,1952-09-07,0,1916-07-22,0,1,0,0,🇧🇷,0,0,3,0.0
4,Miguel Ãngel Guerra,,0,Argentina,3,,,0,1981-03-15,1981-05-03,0,1953-08-31,0,1,0,0,ğŸ‡¦ğŸ‡·,0,0,1,0.0
4,Peter de Klerk,,2,South Africa,0,,,0,1963-12-28,1970-03-07,0,1935-03-16,0,4,0,1,🇿🇦,0,0,2,0.0
4,Alessandro Pesenti-Rossi,,3,Italy,1,,,0,1976-08-01,1976-09-12,0,1942-08-31,0,1,0,0,🇮🇹,0,0,0,0.0
4,Chris Bristow,,1,UK,0,,,0,1959-07-18,1960-06-19,0,1937-12-02,0,2,0,1,🇬🇧,0,0,3,0.0
4,Peter Walker,,1,UK,0,,,0,1950-05-13,1955-07-16,0,1912-10-07,0,3,0,1,🇬🇧,0,0,3,0.0
4,Michael May,,1,Switzerland,2,,,0,1961-05-14,1961-09-10,0,1934-08-18,0,1,0,0,🇨🇭,0,0,1,0.0
4,Walt Hansgen,,1,USA,2,,,0,1961-10-08,1964-10-04,0,1919-10-28,0,3,0,1,🇺🇸,0,1,1,2.0
4,Michael Bartels,,0,Germany,4,,,0,1991-07-28,1991-09-29,0,1968-03-08,0,1,0,0,🇩🇪,0,0,0,0.0
40,Max Verstappen,2016-05-15,33,Netherlands,1,2016-05-15,33,7,2015-03-15,2016-11-27,0,1997-09-30,0,2,0,27,🇳🇱,1,27,6,253.0
40,Felipe Nasr,,33,Brazil,1,,12,0,2015-03-15,2016-11-27,0,1992-08-21,0,2,0,7,🇧🇷,0,7,6,29.0
40,Carlos Sainz,,29,Spain,0,,55,0,2015-03-15,2016-11-27,0,1994-09-01,0,2,0,17,🇪🇸,0,17,11,64.0
40,Emanuele Pirro,,17,Italy,3,,,0,1989-07-09,1991-11-03,0,1962-01-12,0,3,0,12,🇮🇹,0,2,20,3.0
41,Jan Lammers,,12,Netherlands,18,,,0,1979-01-21,1992-11-08,0,1956-06-02,0,5,0,3,🇳🇱,0,0,11,0.0
41,Kevin Magnussen,,35,Denmark,0,,20,1,2014-03-16,2016-11-27,0,1992-10-05,0,3,0,14,🇩🇰,0,14,6,62.0
41,Mauro Baldi,,17,Italy,5,,,0,1982-01-23,1985-05-05,0,1954-01-31,0,4,0,13,🇮🇹,0,4,19,5.0
41,Tony Brooks,1957-07-20,22,UK,1,1959-08-02,,10,1956-05-13,1961-10-08,0,1932-02-25,4,6,1,20,🇬🇧,6,15,18,75.0
42,Brett Lunger,,23,USA,8,,,0,1975-08-17,1978-10-01,0,1945-11-14,0,4,0,9,🇺🇸,0,0,11,0.0
42,Tom Pryce,,22,UK,0,,,2,1974-05-12,1977-03-05,0,1949-06-11,1,4,0,20,🇬🇧,0,9,20,19.0
42,Karl Wendlinger,,18,Austria,1,,,0,1991-10-20,1995-11-12,0,1968-12-20,0,5,0,11,🇦🇹,0,7,23,14.0
43,Christian Fittipaldi,,26,Brazil,3,,,0,1992-03-01,1994-11-13,0,1971-01-18,0,3,0,18,🇧🇷,0,5,14,12.0
44,Lorenzo Bandini,1964-08-23,28,Italy,2,1964-08-23,,8,1961-06-18,1967-05-07,0,1935-12-21,1,7,0,26,🇮🇹,1,17,14,58.0
45,Masten Gregory,,21,USA,7,,,3,1957-05-19,1965-09-12,0,1932-02-29,0,8,0,14,🇺🇸,0,6,17,21.0
45,Alessandro Zanardi,,18,Italy,2,,,0,1991-09-29,1999-10-31,0,1966-10-23,0,5,0,10,🇮🇹,0,1,25,1.0
46,Christijan Albers,,28,Netherlands,0,,,0,2005-03-06,2007-07-08,0,1979-04-16,0,3,0,2,🇳🇱,0,1,18,4.0
46,Bruno Senna,,35,Brazil,0,,,0,2010-03-14,2012-11-25,0,1983-10-15,0,3,0,11,🇧🇷,0,11,11,33.0
46,Jaime Alguersuari,,36,Spain,0,,,0,2009-07-26,2011-11-27,0,1990-03-23,0,3,0,10,🇪🇸,0,10,10,31.0
47,Éric Bernard,,22,France,2,,,1,1989-07-09,1994-10-16,0,1964-08-24,0,4,0,16,🇫🇷,0,5,23,10.0
47,Christian Danner,,15,Germany,11,,,0,1985-09-15,1989-09-24,0,1958-04-04,0,4,0,11,🇩🇪,0,2,21,4.0
47,François Cevert,1971-10-03,29,France,1,1971-10-03,,13,1970-06-21,1973-10-07,0,1944-02-25,0,4,0,28,🇫🇷,1,19,17,89.0
47,Narain Karthikeyan,,33,India,1,,,0,2005-03-06,2012-11-25,0,1977-01-14,0,3,0,1,🇮🇳,0,1,13,5.0
48,Mike Hawthorn,1953-07-05,33,UK,1,1958-07-06,,18,1952-06-22,1958-10-19,1,1929-04-10,4,7,0,33,🇬🇧,3,28,14,127.64
5,Gerry Ashmore,,1,UK,2,,,0,1961-07-15,1962-09-16,0,1936-07-25,0,2,0,0,🇬🇧,0,0,2,0.0
5,Bill Vukovich,1953-05-30,3,USA,0,1954-05-31,,2,1951-05-30,1955-05-30,0,1918-12-13,1,5,0,2,🇺🇸,2,4,2,19.0
5,John Taylor,,4,UK,0,,,0,1964-07-11,1966-08-07,0,1933-03-23,0,2,0,3,🇬🇧,0,1,1,1.0
5,Walt Faulkner,,4,USA,0,,,0,1950-05-30,1955-05-30,0,1920-02-16,1,5,0,2,🇺🇸,0,1,1,1.0
5,Gerhard Mitter,,2,Germany,1,,,0,1963-06-23,1965-08-01,0,1935-08-30,0,3,0,2,🇩🇪,0,1,2,3.0
5,Nasif Estéfano,,1,Argentina,4,,,0,1960-02-07,1963-07-20,0,1932-11-18,0,3,0,0,🇦🇷,0,0,0,0.0
5,Raymond Sommer,,1,France,0,,,0,1950-05-21,1950-09-03,0,1906-08-31,0,1,0,1,🇫🇷,0,1,4,3.0
5,Tommy Byrne,,0,Ireland,3,,,0,1982-08-08,1982-09-25,0,1958-05-06,0,1,0,0,🇮🇪,0,0,2,0.0
5,Peter Hirt,,2,Switzerland,0,,,0,1951-05-27,1953-08-23,0,1910-03-30,0,3,0,1,🇨🇭,0,0,3,0.0
5,Franco Rol,,1,Italy,0,,,0,1950-05-21,1952-09-07,0,1908-06-05,0,3,0,1,🇮🇹,0,0,4,0.0
5,Alexander Rossi,,5,USA,0,,53,0,2015-09-20,2015-11-15,0,1991-09-25,0,1,0,0,🇺🇸,0,0,0,0.0
5,Michael Bleekemolen,,0,Netherlands,4,,,0,1977-08-28,1978-10-08,0,1949-10-02,0,2,0,0,🇳🇱,0,0,1,0.0
5,Lamberto Leoni,,0,Italy,3,,,0,1977-09-11,1978-04-02,0,1953-05-24,0,2,0,0,🇮🇹,0,0,2,0.0
5,Ed Elisian,,1,USA,0,,,0,1954-05-31,1958-05-30,0,1926-12-09,0,5,0,0,🇺🇸,0,0,4,0.0
5,Nicolas Kiesa,,5,Denmark,0,,,0,2003-08-03,2003-10-12,0,1978-03-03,0,1,0,0,🇩🇰,0,0,0,0.0
5,Duncan Hamilton,,2,UK,0,,,0,1951-07-14,1953-07-18,0,1920-04-30,0,3,0,1,🇬🇧,0,0,3,0.0
5,Patrick Gaillard,,1,France,3,,,0,1979-07-01,1979-08-26,0,1952-02-12,0,1,0,0,🇫🇷,0,0,1,0.0
5,Jacques Pollet,,2,France,0,,,0,1954-07-04,1955-09-11,0,1922-07-02,0,2,0,2,🇫🇷,0,0,3,0.0
5,Bob Veith,,4,USA,0,,,0,1956-05-30,1960-05-30,0,1926-11-01,0,5,0,3,🇺🇸,0,0,1,0.0
5,Pat O'Connor,,3,USA,0,,,0,1954-05-31,1958-05-30,0,1928-10-09,1,5,0,2,🇺🇸,0,0,2,0.0
5,Al Keller,,2,USA,0,,,0,1955-05-30,1959-05-30,0,1920-04-11,0,5,0,0,🇺🇸,0,0,3,0.0
5,Clemar Bucci,,0,Argentina,0,,,0,1954-07-17,1955-01-16,0,1920-09-04,0,2,0,0,🇦🇷,0,0,5,0.0
5,Jerry Hoyt,,2,USA,0,,,0,1950-05-30,1955-05-30,0,1929-01-29,1,4,0,1,🇺🇸,0,0,3,0.0
5,Bob Sweikert,1955-05-30,3,USA,0,1955-05-30,,1,1952-05-30,1956-05-30,0,1926-05-20,0,5,0,2,🇺🇸,1,1,2,8.0
5,Nino Vaccarella,,3,Italy,1,,,0,1961-09-10,1965-09-12,0,1933-03-03,0,3,0,1,🇮🇹,0,0,1,0.0
5,Dick Rathmann,,2,USA,0,,,0,1950-05-30,1960-05-30,0,1924-01-06,1,5,0,1,🇺🇸,0,1,3,2.0
5,Bob Scott,,2,USA,0,,,0,1952-05-30,1954-05-31,0,1928-10-04,0,3,0,0,🇺🇸,0,0,3,0.0
5,Bob Christie,,3,USA,0,,,0,1956-05-30,1960-05-30,0,1924-04-04,0,5,0,1,🇺🇸,0,0,2,0.0
5,Al Herman,,3,USA,0,,,0,1955-05-30,1960-05-30,0,1927-03-15,0,5,0,1,🇺🇸,0,0,2,0.0
5,Mário de Araújo Cabral,,1,Portugal,1,,,0,1959-08-23,1964-09-06,0,1934-01-15,0,4,0,1,🇵🇹,0,0,3,0.0
5,Conny Andersson,,0,Sweden,4,,,0,1976-08-29,1977-07-03,0,1939-12-28,0,2,0,0,🇸🇪,0,0,1,0.0
5,Mike Thackwell,,0,New Zealand,3,,,0,1980-08-31,1984-08-05,0,1961-03-30,0,2,0,0,🇳🇿,0,0,2,0.0
5,John Campbell-Jones,,2,UK,3,,,0,1961-08-06,1963-07-20,0,1930-01-21,0,3,0,0,🇬🇧,0,0,0,0.0
5,Consalvo Sanesi,,3,Italy,0,,,0,1950-09-03,1951-07-14,0,1911-03-28,0,2,0,3,🇮🇹,0,1,2,3.0
5,Maria de Filippis,,1,Italy,2,,,0,1958-05-18,1959-05-10,0,1926-11-11,0,2,0,1,🇮🇹,0,0,2,0.0
5,Eric Brandon,,4,UK,0,,,0,1952-05-18,1954-07-17,0,1920-07-18,0,2,0,2,🇬🇧,0,0,1,0.0
50,Yannick Dalmas,,15,France,26,,,0,1987-10-18,1994-09-25,0,1961-07-28,0,5,0,7,🇫🇷,0,0,9,0.0
51,Jackie Oliver,,16,UK,1,,,2,1967-08-06,1977-06-19,0,1942-08-14,0,8,0,13,🇬🇧,0,5,34,13.0
51,Mike Hailwood,,27,UK,1,,,2,1963-07-20,1974-08-04,0,1940-04-02,0,7,0,22,🇬🇧,0,10,23,29.0
51,Christian Klien,,35,Austria,0,,,0,2004-03-07,2010-11-14,0,1983-02-07,0,4,0,15,🇦🇹,0,8,16,14.0
51,Roy Salvadori,,19,UK,4,,,2,1952-07-19,1962-12-29,0,1922-05-12,0,11,0,17,🇬🇧,0,7,28,19.0
52,Phil Hill,1960-09-04,33,USA,4,1961-09-10,,16,1958-07-06,1966-09-04,1,1927-04-20,6,8,0,30,🇺🇸,3,20,15,98.0
54,Richie Ginther,1965-10-24,39,USA,1,1965-10-24,,14,1960-05-29,1967-05-07,0,1930-08-05,0,8,0,35,🇺🇸,1,28,14,107.0
54,Philippe Streiff,,30,France,0,,,1,1984-10-21,1988-11-13,0,1955-06-26,0,5,0,21,🇫🇷,0,5,24,11.0
54,Pedro Rodríguez,1967-01-02,29,Mexico,0,1970-06-07,,7,1963-10-06,1971-07-04,0,1940-01-18,0,9,0,28,🇲🇽,2,22,25,71.0
55,Manfred Winkelhock,,13,Germany,7,,,0,1980-09-14,1985-08-04,0,1951-10-06,0,5,0,7,🇩🇪,0,1,35,2.0
55,Jean-Pierre Jabouille,1979-07-01,10,France,6,1980-08-17,,2,1974-07-07,1981-06-21,0,1942-10-01,6,7,0,6,🇫🇷,2,3,39,21.0
55,Sébastien Buemi,,40,Switzerland,0,,,0,2009-03-29,2011-11-27,0,1988-10-31,0,3,0,15,🇨🇭,0,15,15,29.0
55,Innes Ireland,1961-10-08,26,UK,5,1961-10-08,,4,1959-05-31,1966-10-23,0,1930-06-12,0,8,0,23,🇬🇧,1,14,24,47.0
56,Marcus Ericsson,,43,Sweden,0,,9,0,2014-03-16,2016-11-27,0,1990-09-02,0,3,0,5,🇸🇪,0,5,13,9.0
57,Jean Behra,,25,France,0,,,9,1952-05-18,1959-07-05,0,1921-02-16,0,8,0,25,🇫🇷,0,15,32,51.0
58,Vitaly Petrov,,47,Russia,0,,,1,2010-03-14,2012-11-25,0,1984-09-08,0,3,0,13,🇷🇺,0,13,11,64.0
58,Jean-Éric Vergne,,45,France,0,,25,0,2012-03-18,2014-11-23,0,1990-04-25,0,3,0,14,🇫🇷,0,14,13,51.0
58,Hector Rebaque,,15,Mexico,17,,,0,1977-06-05,1981-10-17,0,1956-02-05,0,5,0,12,🇲🇽,0,6,26,13.0
58,Paul di Resta,,52,UK,0,,,0,2011-03-27,2013-11-24,0,1986-04-16,0,3,0,26,🇬🇧,0,26,6,121.0
58,Luca Badoer,,25,Italy,2,,,0,1993-03-14,2009-08-30,0,1971-01-25,0,5,0,11,🇮🇹,0,0,31,0.0
58,Juan Fangio,1950-05-21,44,Argentina,0,1957-08-04,,35,1950-05-13,1958-07-06,5,1911-06-24,29,8,2,43,🇦🇷,24,44,14,279.14
59,Daniil Kvyat,,45,Russia,0,,26,2,2014-03-16,2016-11-27,0,1994-04-26,0,3,0,24,🇷🇺,0,24,14,128.0
59,Henri Pescarolo,,31,France,3,,,1,1968-09-22,1976-10-10,0,1942-09-25,0,7,0,19,🇫🇷,0,6,25,12.0
59,Esteban Gutiérrez,,46,Mexico,0,,21,0,2013-03-17,2016-11-27,0,1991-08-05,0,3,0,1,🇲🇽,0,1,13,6.0
6,Sam Tingle,,2,Rhodesia,1,,,0,1962-12-29,1969-03-01,0,1921-08-24,0,6,0,1,🇿🇼,0,0,3,0.0
6,Alfonso de Portago,,3,Spain,0,,,1,1956-07-01,1957-01-13,0,1928-10-11,0,2,0,3,🇪🇸,0,2,3,4.0
6,Ricardo Rodríguez,,3,Mexico,1,,,0,1961-09-10,1962-09-16,0,1942-02-14,0,2,0,2,🇲🇽,0,2,2,4.0
6,Chuck Daigh,,1,USA,2,,,0,1960-05-29,1960-11-20,0,1923-11-29,0,1,0,1,🇺🇸,0,0,3,0.0
6,Danny Ongais,,1,USA,2,,,0,1977-10-02,1978-08-27,0,1942-05-21,0,2,0,1,🇺🇸,0,0,3,0.0
6,Bernard Collomb,,1,France,2,,,0,1961-07-02,1964-05-10,0,1930-10-07,0,4,0,1,🇫🇷,0,0,3,0.0
6,Pat Flaherty,1956-05-30,3,USA,0,1956-05-30,,1,1950-05-30,1959-05-30,0,1926-01-06,1,6,0,3,🇺🇸,1,1,3,8.0
6,Jimmy Davies,,4,USA,0,,,1,1950-05-30,1955-05-30,0,1929-08-18,0,5,0,2,🇺🇸,0,1,2,4.0
6,Pierre Levegh,,3,France,0,,,0,1950-06-18,1951-09-16,0,1905-12-22,0,2,0,3,🇫🇷,0,0,3,0.0
6,Ingo Hoffmann,,2,Brazil,3,,,0,1976-01-25,1977-01-23,0,1953-02-28,0,2,0,1,🇧🇷,0,0,1,0.0
6,Tony Trimmer,,0,UK,6,,,0,1975-08-03,1978-07-16,0,1943-01-24,0,4,0,0,🇬🇧,0,0,0,0.0
6,Emanuele Naspetti,,3,Italy,0,,,0,1992-08-30,1993-09-26,0,1968-02-24,0,2,0,0,🇮🇹,0,0,3,0.0
6,Johnny Boyd,,4,USA,0,,,1,1955-05-30,1960-05-30,0,1926-08-19,0,6,0,3,🇺🇸,0,1,2,4.0
6,Roelof Wunderink,,0,Netherlands,3,,,0,1975-04-27,1975-10-05,0,1948-12-12,0,1,0,0,🇳🇱,0,0,3,0.0
6,Chico Landi,,3,Brazil,0,,,0,1951-09-16,1956-01-22,0,1907-07-14,0,4,0,3,🇧🇷,0,1,3,1.5
6,Enrico Bertaggia,,0,Italy,6,,,0,1989-08-27,1989-11-05,0,1964-09-19,0,1,0,0,🇮🇹,0,0,0,0.0
6,Jimmy Reece,,4,USA,0,,,0,1952-05-30,1958-05-30,0,1929-11-17,0,6,0,3,🇺🇸,0,0,2,0.0
6,Skip Barber,,1,USA,1,,,0,1971-05-23,1972-10-08,0,1936-11-16,0,2,0,0,🇺🇸,0,0,4,0.0
6,Jack McGrath,,5,USA,0,,,2,1950-05-30,1955-05-30,0,1919-10-08,1,6,0,3,🇺🇸,0,3,1,9.0
6,Leo Kinnunen,,0,Finland,5,,,0,1974-05-12,1974-09-08,0,1943-08-05,0,1,0,0,🇫🇮,0,0,1,0.0
6,Ivor Bueb,,3,UK,1,,,0,1957-05-19,1959-07-18,0,1923-06-06,0,3,0,1,🇬🇧,0,0,2,0.0
6,Loris Kessel,,1,Switzerland,3,,,0,1976-05-02,1977-09-11,0,1950-04-01,0,2,0,0,🇨🇭,0,0,2,0.0
6,Hap Sharp,,4,USA,0,,,0,1961-10-08,1964-10-25,0,1928-01-01,0,4,0,2,🇺🇸,0,0,2,0.0
61,Rolf Stommelen,,34,Germany,7,,,1,1970-03-07,1978-10-08,0,1943-07-11,0,8,0,15,🇩🇪,0,7,20,14.0
62,Jochen Rindt,1969-10-05,25,Austria,2,1970-08-02,,13,1964-08-23,1970-09-06,1,1942-04-18,10,7,0,22,🇦🇹,6,21,35,109.0
62,Olivier Grouillard,,14,France,21,,,0,1989-03-26,1992-11-08,0,1958-09-02,0,4,0,6,🇫🇷,0,1,27,1.0
63,Érik Comas,,32,France,4,,,0,1991-03-10,1994-11-06,0,1963-09-28,0,4,0,24,🇫🇷,0,6,27,7.0
63,Mark Blundell,,31,UK,2,,,3,1991-03-10,1995-11-12,0,1966-04-08,0,4,0,25,🇬🇧,0,13,30,32.0
64,Harry Schell,,31,USA,1,,,2,1950-05-21,1960-02-07,0,1921-06-29,0,11,0,28,🇺🇸,0,12,32,32.0
64,Derek Daly,,26,Ireland,15,,,0,1978-04-02,1982-09-25,0,1953-03-11,0,5,0,19,🇮🇪,0,8,23,15.0
68,Gilles Villeneuve,1978-10-08,39,Canada,1,1981-06-21,,13,1977-07-16,1982-05-09,0,1950-01-18,2,6,1,34,🇨🇦,6,21,28,107.0
69,Alexander Wurz,,47,Austria,0,,,3,1997-06-15,2007-10-07,0,1974-02-15,0,6,0,35,🇦🇹,0,14,22,45.0
7,Élie Bayol,,2,France,0,,,0,1952-09-07,1956-05-13,0,1914-02-28,0,5,0,2,🇫🇷,0,1,5,2.0
7,Dave Kennedy,,0,Ireland,7,,,0,1980-01-13,1980-06-29,0,1953-01-15,0,1,0,0,🇮🇪,0,0,0,0.0
7,Alan Stacey,,1,UK,0,,,0,1958-07-19,1960-06-19,0,1933-08-29,0,3,0,1,🇬🇧,0,0,6,0.0
7,David Hobbs,,6,UK,0,,,0,1967-07-15,1974-09-08,0,1939-06-09,0,4,0,6,🇬🇧,0,0,1,0.0
7,Franck Montagny,,3,France,0,,,0,2006-05-07,2006-07-16,0,1978-01-05,0,1,0,0,🇫🇷,0,0,4,0.0
7,Jimmy Daywalt,,3,USA,0,,,0,1953-05-30,1959-05-30,0,1924-08-28,0,6,0,2,🇺🇸,0,0,4,0.0
7,Gerino Gerini,,4,Italy,1,,,0,1956-01-22,1958-10-19,0,1928-08-10,0,2,0,3,🇮🇹,0,1,2,1.5
7,Rudi Fischer,,6,Switzerland,0,,,2,1951-05-27,1952-09-07,0,1912-04-19,0,2,0,3,🇨🇭,0,2,1,10.0
7,Edgar Barth,,3,Germany,2,,,0,1953-08-02,1964-08-02,0,1917-01-26,0,6,0,2,🇩🇪,0,0,2,0.0
7,Reg Parnell,,4,UK,0,,,1,1950-05-13,1954-07-17,0,1911-07-02,0,4,0,4,🇬🇧,0,3,3,9.0
7,Jacques Swaters,,3,USA,0,,,0,1951-07-29,1954-10-24,0,1926-10-30,0,3,0,3,🇺🇸,0,0,4,0.0
7,Joachim Winkelhock,,0,Germany,7,,,0,1989-03-26,1989-07-09,0,1960-10-24,0,1,0,0,🇩🇪,0,0,0,0.0
7,Perry McCarthy,,0,UK,7,,,0,1992-05-03,1992-08-30,0,1961-03-03,0,1,0,0,🇬🇧,0,0,0,0.0
7,Ian Raby,,1,UK,4,,,0,1963-07-20,1965-08-01,0,1921-09-22,0,3,0,0,🇬🇧,0,0,2,0.0
7,Domenico Schiattarella,,3,Italy,0,,,0,1994-10-16,1995-05-28,0,1967-11-17,0,2,0,1,🇮🇹,0,0,4,0.0
7,Boy Lunger,,0,Netherlands,4,,,0,1976-08-29,1977-08-28,0,1949-05-03,0,2,0,0,🇳🇱,0,0,3,0.0
7,Renzo Zorzi,,3,Italy,0,,,0,1975-09-07,1977-05-08,0,1946-12-12,0,3,0,2,🇮🇹,0,1,4,1.0
7,Chuck Stevenson,,4,USA,0,,,0,1951-05-30,1960-05-30,0,1919-10-15,0,5,0,1,🇺🇸,0,0,3,0.0
7,Kenneth McAlpine,,2,UK,0,,,0,1952-07-19,1955-07-16,0,1920-09-21,0,3,0,0,🇬🇧,0,0,5,0.0
7,Mike Parkes,,3,UK,1,,,2,1959-07-18,1967-06-18,0,1931-09-24,1,3,0,3,🇬🇧,0,3,3,14.0
7,Keith Greene,,1,UK,4,,,0,1959-07-18,1962-09-16,0,1938-01-05,0,4,0,0,🇬🇧,0,0,2,0.0
7,Massimiliano Papis,,2,Italy,0,,,0,1995-07-16,1995-10-01,0,1969-10-03,0,1,0,1,🇮🇹,0,0,5,0.0
7,Bob Gerard,,7,UK,0,,,0,1950-05-13,1957-07-20,0,1914-01-19,0,6,0,4,🇬🇧,0,0,0,0.0
70,Jyrki Järvilehto,,28,Finland,8,,,1,1989-09-24,1994-11-13,0,1966-01-31,0,6,0,21,🇫🇮,0,4,34,10.0
70,Teo Fabi,,18,Italy,7,,,2,1982-01-23,1987-11-15,0,1955-03-09,3,5,0,16,🇮🇹,0,9,45,23.0
70,Gianni Morbidelli,,34,Italy,3,,,1,1990-03-11,1997-10-12,0,1968-01-13,0,6,0,18,🇮🇹,0,5,33,8.5
72,Didier Pironi,1980-05-04,44,France,1,1982-07-03,,13,1978-01-15,1982-08-08,0,1952-03-26,4,5,1,40,🇫🇷,3,29,27,101.0
72,Jim Clark,1962-06-17,50,UK,0,1968-01-01,,32,1960-06-06,1968-01-01,2,1936-03-04,33,9,1,46,🇬🇧,25,40,22,274.0
73,Stirling Moss,1955-07-16,37,UK,0,1961-08-06,,24,1951-05-27,1961-10-08,0,1929-09-17,17,11,4,36,🇬🇧,16,34,36,186.5
73,Carlos Pace,1975-01-26,37,Brazil,1,1975-01-26,,6,1972-03-04,1977-03-05,0,1944-10-06,1,6,0,29,🇧🇷,1,16,35,58.0
74,Roberto Moreno,,17,Brazil,32,,,1,1982-07-03,1995-11-12,0,1959-02-11,0,7,0,10,🇧🇷,0,5,25,15.0
75,Nicola Larini,,26,Italy,26,,,1,1987-09-06,1997-05-11,0,1964-03-19,0,8,0,12,🇮🇹,0,2,23,7.0
75,Alex Caffi,,26,Italy,18,,,0,1986-09-07,1991-11-03,0,1964-03-18,0,6,0,18,🇮🇹,0,3,31,6.0
76,Kamui Kobayashi,,53,Japan,0,,10,1,2009-10-18,2014-11-23,0,1986-09-13,0,5,0,28,🇯🇵,0,27,23,125.0
76,Robert Kubica,2008-06-08,64,Poland,0,2008-06-08,,12,2006-08-06,2010-11-14,0,1984-12-07,1,5,0,51,🇵🇱,1,46,12,273.0
77,Alessandro Nannini,1989-10-22,31,Italy,0,1989-10-22,,9,1986-03-23,1990-09-30,0,1959-07-07,0,5,0,24,🇮🇹,1,19,46,65.0
78,Gabriele Tarquini,,13,Italy,40,,,0,1987-05-03,1995-10-01,0,1962-03-02,0,7,0,5,🇮🇹,0,1,25,1.0
78,Valtteri Bottas,,71,Finland,1,,77,9,2013-03-17,2016-11-27,0,1989-08-29,0,4,0,46,🇫🇮,0,46,6,411.0
78,Vittorio Brambilla,1975-08-17,37,Italy,4,1975-08-17,,1,1974-03-30,1980-09-14,0,1937-11-11,1,7,0,25,🇮🇹,1,9,37,15.5
8,Riccardo Paletti,,0,Italy,5,,,0,1982-01-23,1982-06-13,0,1958-06-15,0,1,0,0,🇮🇹,0,0,3,0.0
8,Hernando da Silva Ramos,,3,Brazil,0,,,0,1955-06-19,1956-09-02,0,1925-12-07,0,2,0,3,🇧🇷,0,1,5,2.0
8,Moisés Solana,,3,Mexico,0,,,0,1963-10-27,1968-11-03,0,1935-12-26,0,6,0,1,🇲🇽,0,0,5,0.0
8,Fred Agabashian,,3,USA,0,,,0,1950-05-30,1957-05-30,0,1913-08-21,1,8,0,2,🇺🇸,0,1,5,1.5
8,Don Freeland,,5,USA,0,,,1,1953-05-30,1960-05-30,0,1925-03-25,0,8,0,3,🇺🇸,0,1,3,4.0
8,Luigi Fagioli,1951-07-01,7,Italy,0,1951-07-01,,6,1950-05-13,1951-07-01,0,1898-06-09,1,2,0,6,🇮🇹,1,6,1,32.0
8,Mike Wilds,,0,UK,5,,,0,1974-07-20,1976-07-18,0,1946-01-07,0,3,0,0,🇬🇧,0,0,3,0.0
8,Jo Gartner,,3,Austria,0,,,0,1984-05-06,1984-10-21,0,1954-01-24,0,1,0,1,🇦🇹,0,0,5,0.0
8,Michel Leclère,,5,France,1,,,0,1975-10-05,1976-07-04,0,1946-03-18,0,2,0,1,🇫🇷,0,0,2,0.0
80,Satoru Nakajima,,35,Japan,6,,,0,1987-04-12,1991-11-03,0,1953-02-23,0,5,0,27,🇯🇵,0,10,39,16.0
80,Vitantonio Liuzzi,,55,Italy,0,,,0,2005-04-24,2011-11-27,0,1981-08-06,0,6,0,14,🇮🇹,0,9,25,26.0
80,Maurício Gugelmin,,31,Brazil,5,,,1,1988-04-03,1992-11-08,0,1963-04-20,0,5,0,21,🇧🇷,0,4,44,10.0
81,Hans-Joachim Stuck,,26,Germany,7,,,2,1974-01-13,1979-10-07,0,1951-01-01,0,6,0,19,🇩🇪,0,12,48,29.0
81,Stefano Modena,,30,Italy,11,,,2,1987-11-15,1992-11-08,0,1963-05-12,0,6,0,13,🇮🇹,0,6,40,17.0
82,Bruno Giacomelli,,28,Italy,13,,,1,1977-09-11,1990-09-30,0,1952-09-10,1,8,0,18,🇮🇹,0,6,41,14.0
84,Bertrand Gachot,,15,Belgium,37,,,0,1989-03-26,1995-11-12,0,1962-12-23,0,6,0,8,🇧🇪,0,4,32,5.0
84,Arturo Merzario,,16,Italy,27,,,0,1972-07-15,1979-10-07,0,1943-03-11,0,8,0,10,🇮🇹,0,5,41,11.0
87,Maurice Trintignant,1955-05-22,44,France,2,1958-05-18,,10,1950-05-21,1964-09-06,0,1917-10-30,1,15,0,39,🇫🇷,2,21,41,72.33
87,Jean-Pierre Beltoise,1972-05-14,49,France,2,1972-05-14,,8,1967-05-07,1974-10-06,0,1937-04-26,0,8,0,43,🇫🇷,1,26,36,77.0
87,Dan Gurney,1962-07-08,44,USA,1,1967-06-18,,19,1959-07-05,1970-07-18,0,1931-04-13,3,11,0,41,🇺🇸,4,31,42,133.0
88,Jonathan Palmer,,45,UK,4,,,0,1983-09-25,1989-11-05,0,1956-11-07,0,7,0,30,🇬🇧,0,8,39,14.0
88,Aguri Suzuki,,25,Japan,23,,,1,1988-10-30,1995-10-29,0,1960-09-08,0,8,0,17,🇯🇵,0,5,40,8.0
88,Marc Surer,,51,Switzerland,6,,,0,1979-09-09,1986-05-25,0,1951-09-18,0,8,0,37,🇨🇭,0,11,31,17.0
9,Jean-Marc Gounon,,4,France,0,,,0,1993-10-24,1994-09-25,0,1963-01-01,0,2,0,1,🇫🇷,0,0,5,0.0
9,Helmut Marko,,7,Austria,0,,,0,1971-08-15,1972-07-02,0,1943-04-27,0,2,0,3,🇦🇹,0,0,2,0.0
9,Alan Brown,,6,UK,0,,,0,1952-05-18,1954-07-17,0,1919-11-20,0,3,0,3,🇬🇧,0,1,3,2.0
9,Kenny Acheson,,1,UK,6,,,0,1983-07-16,1985-09-08,0,1957-11-27,0,2,0,0,🇬🇧,0,0,2,0.0
9,Gijs van Lennep,,7,Netherlands,1,,,0,1971-06-20,1975-08-03,0,1942-03-16,0,4,0,5,🇳🇱,0,2,1,2.0
9,Troy Ruttman,1952-05-30,5,USA,1,1952-05-30,,1,1950-05-30,1960-05-30,0,1930-03-11,0,8,0,3,🇺🇸,1,2,3,9.5
9,Luigi Piotti,,2,Italy,4,,,0,1955-09-11,1958-05-18,0,1913-10-27,0,4,0,2,🇮🇹,0,0,3,0.0
9,Allen Berg,,3,Canada,0,,,0,1986-06-22,1986-10-26,0,1961-08-01,0,1,0,0,🇨🇦,0,0,6,0.0
9,Eddie Johnson,,7,USA,0,,,0,1952-05-30,1960-05-30,0,1919-02-10,0,9,0,4,🇺🇸,0,1,2,1.0
9,Frank Gardner,,3,Australia,1,,,0,1964-07-11,1968-09-08,0,1930-10-01,0,3,0,1,🇦🇺,0,0,5,0.0
9,Paul Russo,,6,USA,0,,,1,1950-05-30,1959-05-30,0,1914-04-10,0,8,0,6,🇺🇸,0,4,3,8.5
9,Alex Soler-Roig,,0,Spain,3,,,0,1970-04-19,1972-05-01,0,1932-10-29,0,3,0,0,🇪🇸,0,0,6,0.0
9,Bob Bondurant,,4,USA,0,,,0,1965-10-03,1966-10-23,0,1933-04-27,0,2,0,4,🇺🇸,0,1,5,3.0
9,Esteban Ocon,,9,France,0,,31,0,2016-08-28,2016-11-27,0,1996-09-17,0,1,0,0,🇫🇷,0,0,0,0.0
9,Johnny Thomson,,4,USA,0,,,1,1953-05-30,1960-05-30,0,1922-04-09,1,8,0,3,🇺🇸,0,3,5,10.0
9,Cesare Perdisa,,7,Italy,1,,,2,1955-05-22,1957-01-13,0,1932-05-10,0,3,0,7,🇮🇹,0,3,1,5.0
9,Carroll Shelby,,4,USA,0,,,0,1958-07-06,1959-09-13,0,1923-01-11,0,2,0,4,🇺🇸,0,0,5,0.0
9,Brian Naylor,,2,UK,2,,,0,1957-08-04,1961-09-10,0,1923-03-24,0,5,0,0,🇬🇧,0,0,5,0.0
9,Sergio Mantovani,,6,Italy,1,,,0,1953-09-13,1955-01-16,0,1929-05-22,0,3,0,6,🇮🇹,0,2,2,4.0
9,Gene Hartley,,7,USA,0,,,0,1950-05-30,1960-05-30,0,1926-01-28,0,8,0,2,🇺🇸,0,0,2,0.0
9,Bruce Halford,,2,UK,1,,,0,1956-07-14,1960-07-03,0,1931-05-18,0,4,0,1,🇬🇧,0,0,6,0.0
9,Jimmy Bryan,1958-05-30,7,USA,0,1958-05-30,,3,1952-05-30,1960-05-30,0,1926-01-28,0,9,0,4,🇺🇸,1,3,2,18.0
9,Tony Marsh,,3,UK,5,,,0,1957-08-04,1962-08-05,0,1931-07-20,0,4,0,1,🇬🇧,0,0,1,0.0
9,Sam Hanks,1957-05-30,5,USA,0,1957-05-30,,4,1950-05-30,1957-05-30,0,1914-07-13,0,8,0,4,🇺🇸,1,4,4,20.0
91,Takuma Sato,,59,Japan,0,,,1,2002-03-03,2008-04-27,0,1977-01-28,0,7,0,23,🇯🇵,0,14,32,44.0
93,James Hunt,1975-06-22,46,UK,1,1977-10-23,,23,1973-06-03,1979-05-27,1,1947-08-29,14,7,0,45,🇬🇧,10,35,46,179.0
95,Juan Pablo Montoya,2001-09-16,62,Colombia,0,2005-09-25,,30,2001-03-04,2006-07-02,0,1975-09-20,13,6,0,58,🇨🇴,7,57,33,307.0
95,Timo Glock,,74,Germany,1,,,3,2004-06-13,2012-11-25,0,1982-03-18,0,6,0,21,🇩🇪,0,14,20,51.0
95,Patrick Depailler,1978-05-07,54,France,0,1979-04-29,,19,1972-07-02,1980-07-13,0,1944-08-09,1,8,0,48,🇫🇷,2,36,41,141.0
96,Pastor Maldonado,2012-05-13,67,Venezuela,0,2012-05-13,13,1,2011-03-27,2015-11-29,0,1985-03-09,1,5,0,14,🇻🇪,1,14,29,76.0
97,Ukyo Katayama,,33,Japan,2,,,0,1992-03-01,1997-10-26,0,1963-05-29,0,6,0,16,🇯🇵,0,3,62,5.0
98,Ivan Capelli,,29,Italy,3,,,3,1985-10-06,1993-03-28,0,1963-05-24,0,9,0,22,🇮🇹,0,12,66,31.0
99,Pedro Diniz,,39,Brazil,1,,,0,1995-03-26,2000-10-22,0,1970-05-22,0,6,0,26,🇧🇷,0,8,59,10.0