participations,driverref,points,dob,did_not_start,last_win,podiums,last_race,permanent_number,championships,country_flag,surname,country_code,code,top_ten,did_not_finish,first_win,fastestlaps,races_finished,first_race,poles,seasons,subchampionships,wins,forename,finished_in_points,country
1,bisch,0.0,1926-11-10,0,,0,1958-05-30,,0,🇺🇸,Bisch,us,,0,1,,0,0,1958-05-30,0,1,0,0,Art,0,USA
1,larreta,0.0,1934-01-14,0,,0,1960-02-07,,0,🇦🇷,Larreta,ar,,1,0,,0,1,1960-02-07,0,1,0,0,Alberto Rodriguez,0,Argentina
1,monteverdi,0.0,1934-06-07,1,,0,1961-08-06,,0,🇨🇭,Monteverdi,ch,,0,0,,0,0,1961-08-06,0,1,0,0,Peter,0,Switzerland
1,morgan,0.0,1944-08-07,0,,0,1975-07-19,,0,🇬🇧,Morgan,gb,,0,0,,0,1,1975-07-19,0,1,0,0,Dave,0,UK
1,la_caze,0.0,1917-02-26,0,,0,1958-10-19,,0,🇫🇷,La Caze,fr,,0,0,,0,1,1958-10-19,0,1,0,0,Robert,0,France
1,nelleman,0.0,1944-04-19,1,,0,1976-06-13,,0,🇩🇰,Nelleman,dk,,0,0,,0,0,1976-06-13,0,1,0,0,Jac,0,Denmark
1,klenk,0.0,1919-10-28,0,,0,1952-08-03,,0,🇩🇪,Klenk,de,,0,0,,0,1,1952-08-03,0,1,0,0,Hans,0,Germany
1,kladis,0.0,1917-02-10,0,,0,1954-05-31,,0,🇺🇸,Kladis,us,,0,1,,0,0,1954-05-31,0,1,0,0,Danny,0,USA
1,kessler,0.0,1936-03-23,1,,0,1958-05-18,,0,🇺🇸,Kessler,us,,0,0,,0,0,1958-05-18,0,1,0,0,Bruce,0,USA
1,niedermayr,0.0,1915-11-29,0,,0,1952-08-03,,0,🇩🇪,Niedermayr,de,,1,0,,0,1,1952-08-03,0,1,0,0,Helmut,0,Germany
1,zapico,0.0,1944-05-27,1,,0,1976-05-02,,0,🇪🇸,Zapico,es,,0,0,,0,0,1976-05-02,0,1,0,0,Emilio,0,Spain
1,ken_miles,0.0,1918-11-01,1,,0,1961-10-08,,0,🇬🇧,Miles,gb,,0,0,,0,0,1961-10-08,0,1,0,0,Ken,0,UK
1,monarch,0.0,1912-05-29,1,,0,1963-10-27,,0,🇺🇸,Monarch,us,,0,0,,0,0,1963-10-27,0,1,0,0,Thomas,0,USA
1,kavanagh,0.0,1923-12-12,1,,0,1958-05-18,,0,🇦🇺,Kavanagh,au,,0,0,,0,0,1958-05-18,0,1,0,0,Ken,0,Australia
1,obrien,0.0,1908-04-11,0,,0,1952-06-22,,0,🇺🇸,O'Brien,us,,0,0,,0,1,1952-06-22,0,1,0,0,Robert,0,USA
1,jover,0.0,1903-11-23,0,,0,1951-10-28,,0,🇪🇸,Jover,es,,0,1,,0,0,1951-10-28,0,1,0,0,Juan,0,Spain
1,john_james,0.0,1914-05-10,0,,0,1951-07-14,,0,🇬🇧,James,gb,,0,1,,0,0,1951-07-14,0,1,0,0,John,0,UK
1,john_barber,0.0,1929-07-22,0,,0,1953-01-18,,0,🇬🇧,Barber,gb,,1,0,,0,1,1953-01-18,0,1,0,0,John,0,UK
1,johnstone,0.0,1937-01-30,0,,0,1962-12-29,,0,🇿🇦,Johnstone,za,,1,0,,0,1,1962-12-29,0,1,0,0,Bruce,0,South Africa
1,oscar_gonzalez,0.0,1923-11-10,0,,0,1956-01-22,,0,🇺🇾,González,uy,,1,0,,0,1,1956-01-22,0,1,0,0,Óscar,0,Uruguay
1,owen,0.0,1915-03-21,0,,0,1960-09-04,,0,🇬🇧,Owen,gb,,0,1,,0,0,1960-09-04,0,1,0,0,Arthur,0,UK
1,jimmy_stewart,0.0,1931-03-06,0,,0,1953-07-18,,0,🇬🇧,Stewart,gb,,0,1,,0,0,1953-07-18,0,1,0,0,Jimmy,0,UK
1,jerry_unser,0.0,1932-11-15,0,,0,1958-05-30,,0,🇺🇸,Unser,us,,0,1,,0,0,1958-05-30,0,1,0,0,Jerry,0,USA
1,jean,0.0,1943-07-27,0,,0,1971-07-04,,0,🇫🇷,Jean,fr,,0,1,,0,0,1971-07-04,0,1,0,0,Max,0,France
1,iglesias,0.0,1922-02-22,0,,0,1955-01-16,,0,🇦🇷,Iglesias,ar,,0,1,,0,0,1955-01-16,0,1,0,0,Jesús,0,Argentina
1,pagani,0.0,1911-10-11,0,,0,1950-06-04,,0,🇮🇹,Pagani,it,,1,0,,0,1,1950-06-04,0,1,0,0,Nello,0,Italy
1,ian_stewart,0.0,1929-07-15,0,,0,1953-07-18,,0,🇬🇧,Stewart,gb,,0,1,,0,0,1953-07-18,0,1,0,0,Ian,0,UK
1,hutchison,0.0,1937-04-26,0,,0,1970-10-04,,0,🇺🇸,Hutchison,us,,0,1,,0,0,1970-10-04,0,1,0,0,Gus,0,USA
1,hurtubise,0.0,1932-12-05,0,,0,1960-05-30,,0,🇺🇸,Hurtubise,us,,0,0,,0,1,1960-05-30,0,1,0,0,Jim,0,USA
1,milhoux,0.0,1928-12-09,0,,0,1956-08-05,,0,🇧🇪,Milhoux,be,,0,1,,0,0,1956-08-05,0,1,0,0,André,0,Belgium
1,hocking,0.0,1937-09-30,1,,0,1962-12-29,,0,🇿🇼,Hocking,zw,,0,0,,0,0,1962-12-29,0,1,0,0,Gary,0,Rhodesia
1,parker,0.0,1907-09-22,0,,0,1951-07-14,,0,🇬🇧,Fotheringham-Parker,gb,,0,1,,0,0,1951-07-14,0,1,0,0,Philip,0,UK
1,heyer,0.0,1943-03-16,0,,0,1977-07-31,,0,🇩🇪,Heyer,de,,0,1,,0,0,1977-07-31,0,1,0,0,Hans,0,Germany
1,leslie_johnson,0.0,1912-03-22,0,,0,1950-05-13,,0,🇬🇧,Johnson,gb,,0,1,,0,0,1950-05-13,0,1,0,0,Leslie,0,UK
1,hasemi,0.0,1945-11-13,0,,0,1976-10-24,,0,🇯🇵,Hasemi,jp,,0,0,,0,1,1976-10-24,0,1,0,0,Masahiro,0,Japan
1,peters,0.0,1914-09-16,0,,0,1952-08-03,,0,🇩🇪,Peters,de,,0,1,,0,0,1952-08-03,0,1,0,0,Josef,0,Germany
1,williams,0.0,1942-10-26,0,,0,1967-10-22,,0,🇬🇧,Williams,gb,,1,0,,0,1,1967-10-22,0,1,0,0,Jonathan,0,UK
1,hart,0.0,1936-09-07,0,,0,1967-08-06,,0,🇬🇧,Hart,gb,,0,1,,0,0,1967-08-06,0,1,0,0,Brian,0,UK
1,widdows,0.0,1942-05-27,0,,0,1968-07-20,,0,🇬🇧,Widdows,gb,,0,1,,0,0,1968-07-20,0,1,0,0,Robin,0,UK
1,levrett,0.0,1914-02-14,0,,0,1950-05-30,,0,🇺🇸,Levrett,us,,0,1,,0,0,1950-05-30,0,1,0,0,Bayliss,0,USA
1,harris,0.0,1939-05-25,0,,0,1962-12-29,,0,🇿🇦,Harris,za,,0,1,,0,0,1962-12-29,0,1,0,0,Mike,0,South Africa
1,pian,0.0,1912-10-21,0,,0,1950-05-21,,0,🇦🇷,Pián,ar,,0,1,,0,0,1950-05-21,0,1,0,0,Alfredo,0,Argentina
1,whitehouse,0.0,1909-04-01,0,,0,1954-07-17,,0,🇬🇧,Whitehouse,gb,,0,1,,0,0,1954-07-17,0,1,0,0,Bill,0,UK
1,picard,0.0,1921-04-26,0,,0,1958-10-19,,0,🇫🇷,Picard,fr,,0,1,,0,0,1958-10-19,0,1,0,0,François,0,France
1,guelfi,0.0,1919-05-06,0,,0,1958-10-19,,0,🇫🇷,Guelfi,fr,,0,0,,0,1,1958-10-19,0,1,0,0,André,0,France
1,gubby,0.0,1934-04-17,1,,0,1965-07-10,,0,🇬🇧,Gubby,gb,,0,0,,0,0,1965-07-10,0,1,0,0,Brian,0,UK
1,grignard,0.0,1905-07-25,0,,0,1951-10-28,,0,🇫🇷,Grignard,fr,,0,1,,0,0,1951-10-28,0,1,0,0,Georges,0,France
1,lof,0.0,1919-08-23,0,,0,1952-08-17,,0,🇳🇱,van der Lof,nl,,0,1,,0,0,1952-08-17,0,1,0,0,Dries,0,Netherlands
1,pon,0.0,1936-12-09,0,,0,1962-05-20,,0,🇳🇱,Pon,nl,,0,1,,0,0,1962-05-20,0,1,0,0,Ben,0,Netherlands
1,whiteaway,0.0,1928-11-01,1,,0,1955-05-22,,0,🇬🇧,Whiteaway,gb,,0,0,,0,0,1955-05-22,0,1,0,0,Ted,0,UK
1,graham_whitehead,0.0,1922-04-15,0,,0,1952-07-19,,0,🇬🇧,Whitehead,gb,,0,0,,0,1,1952-07-19,0,1,0,0,Graham,0,UK
1,gordini,0.0,1921-05-20,0,,0,1951-07-01,,0,🇫🇷,Gordini,fr,,0,1,,0,0,1951-07-01,0,1,0,0,Aldo,0,France
1,goethals,0.0,1928-08-04,0,,0,1958-08-03,,0,🇧🇪,Goethals,be,,0,1,,0,0,1958-08-03,0,1,0,0,Christian,0,Belgium
1,pozzi,0.0,1909-08-27,0,,0,1950-07-02,,0,🇫🇷,Pozzi,fr,,1,0,,0,1,1950-07-02,0,1,0,0,Charles,0,France
1,gimax,0.0,1938-01-01,1,,0,1978-09-10,,0,🇮🇹,Franchi,it,,0,0,,0,0,1978-09-10,0,1,0,0,Carlo,0,Italy
1,londono,0.0,1949-08-08,1,,0,1981-03-29,,0,🇨🇴,Londoño,co,,0,0,,0,0,1981-03-29,0,1,0,0,Ricardo,0,Colombia
1,george_amick,6.0,1924-10-24,0,,1,1958-05-30,,0,🇺🇸,Amick,us,,1,0,,0,1,1958-05-30,0,1,0,0,George,1,USA
1,westbury,0.0,1938-05-26,1,,0,1970-10-04,,0,🇬🇧,Westbury,gb,,0,0,,0,0,1970-10-04,0,1,0,0,Peter,0,UK
1,george,0.0,1928-07-15,0,,0,1957-05-30,,0,🇺🇸,George,us,,0,1,,0,0,1957-05-30,0,1,0,0,Elmer,0,USA
1,weiler,0.0,1934-12-09,0,,0,1960-05-30,,0,🇺🇸,Weiler,us,,0,0,,0,1,1960-05-30,0,1,0,0,Wayne,0,USA
1,puzey,0.0,1941-07-11,1,,0,1965-01-01,,0,🇿🇼,Puzey,zw,,0,0,,0,0,1965-01-01,0,1,0,0,Clive,0,Rhodesia
1,loof,0.0,1907-07-04,0,,0,1953-08-02,,0,🇩🇪,Loof,de,,0,1,,0,0,1953-08-02,0,1,0,0,Ernst,0,Germany
1,quester,0.0,1939-05-30,0,,0,1974-08-18,,0,🇦🇹,Quester,at,,1,0,,0,1,1974-08-18,0,1,0,0,Dieter,0,Austria
1,lotterer,0.0,1981-11-19,0,,0,2014-08-24,45,0,🇩🇪,Lotterer,de,LOT,0,1,,0,0,2014-08-24,0,1,0,0,André,0,Germany
1,gamble,0.0,1932-03-17,0,,0,1960-09-04,,0,🇺🇸,Gamble,us,,1,0,,0,1,1960-09-04,0,1,0,0,Fred,0,USA
1,galvez,2.0,1913-08-17,0,,0,1953-01-18,,0,🇦🇷,Gálvez,ar,,1,0,,0,1,1953-01-18,0,1,0,0,Oscar,1,Argentina
1,walter,0.0,1927-07-28,0,,0,1962-08-05,,0,🇨🇭,Walter,ch,,0,0,,0,1,1962-08-05,0,1,0,0,Heini,0,Switzerland
1,fry,0.0,1915-10-26,0,,0,1950-05-13,,0,🇬🇧,Fry,gb,,1,0,,0,1,1950-05-13,0,1,0,0,Joe,0,UK
1,reed,0.0,,1,,0,1965-01-01,,0,🇿🇦,Reed,za,,0,0,,0,0,1965-01-01,0,1,0,0,Ray,0,South Africa
1,forberg,0.0,1911-03-04,0,,0,1951-05-30,,0,🇺🇸,Forberg,us,,1,0,,0,1,1951-05-30,0,1,0,0,Carl,0,USA
1,fontes,0.0,1922-12-26,1,,0,1959-07-05,,0,🇺🇾,Fontes,uy,,0,0,,0,0,1959-07-05,0,1,0,0,Azdrubal,0,Uruguay
1,loyer,0.0,1907-08-05,0,,0,1954-01-17,,0,🇫🇷,Loyer,fr,,0,1,,0,0,1954-01-17,0,1,0,0,Roger,0,France
1,fohr,0.0,1912-06-17,0,,0,1950-05-30,,0,🇺🇸,Fohr,us,,0,0,,0,1,1950-05-30,0,1,0,0,Myron,0,USA
1,fitzau,0.0,1923-02-10,0,,0,1953-08-02,,0,🇩🇪,Fitzau,de,,0,1,,0,0,1953-08-02,0,1,0,0,Theo,0,Germany
1,vyver,0.0,1920-01-01,1,,0,1962-12-29,,0,🇿🇦,van der Vyver,za,,0,0,,0,0,1962-12-29,0,1,0,0,Syd,0,South Africa
1,vos,0.0,1941-07-01,1,,0,1963-10-06,,0,🇳🇱,de Vos,nl,,0,0,,0,0,1963-10-06,0,1,0,0,Ernie,0,Netherlands
1,rhodes,0.0,1927-08-18,0,,0,1965-07-10,,0,🇬🇧,Rhodes,gb,,0,1,,0,0,1965-07-10,0,1,0,0,John,0,UK
1,vonlanthen,0.0,1942-05-31,0,,0,1975-08-17,,0,🇨🇭,Vonlanthen,ch,,0,1,,0,0,1975-08-17,0,1,0,0,Jo,0,Switzerland
1,mcguire,0.0,1945-12-13,1,,0,1977-07-16,,0,🇦🇺,McGuire,au,,0,0,,0,0,1977-07-16,0,1,0,0,Brian,0,Australia
1,richardson,0.0,1911-08-21,0,,0,1951-09-16,,0,🇬🇧,Richardson,gb,,0,1,,0,0,1951-09-16,0,1,0,0,Ken,0,UK
1,riess,0.0,1922-07-11,0,,0,1952-08-03,,0,🇩🇪,Riess,de,,1,0,,0,1,1952-08-03,0,1,0,0,Fritz,0,Germany
1,facetti,0.0,1935-06-26,1,,0,1974-09-08,,0,🇮🇹,Facetti,it,,0,0,,0,0,1974-09-08,0,1,0,0,Carlo,0,Italy
1,rigsby,0.0,1923-08-31,0,,0,1952-05-30,,0,🇺🇸,Rigsby,us,,0,0,,0,1,1952-05-30,0,1,0,0,Jim,0,USA
1,riseley_prichard,0.0,1924-01-17,0,,0,1954-07-17,,0,🇬🇧,Riseley-Prichard,gb,,0,1,,0,0,1954-07-17,0,1,0,0,John,0,UK
1,vandoorne,1.0,1992-03-26,0,,0,2016-04-03,47,0,🇧🇪,Vandoorne,be,VAN,1,0,,0,1,2016-04-03,0,1,0,0,Stoffel,1,Belgium
1,ernesto_brambilla,0.0,1934-01-31,1,,0,1963-09-08,,0,🇮🇹,Brambilla,it,,0,0,,0,0,1963-09-08,0,1,0,0,Ernesto,0,Italy
1,riu,0.0,1925-03-10,0,,0,1954-09-05,,0,🇮🇹,de Riu,it,,0,1,,0,0,1954-09-05,0,1,0,0,Giovanni,0,Italy
1,unser,0.0,1934-02-20,0,,0,1968-10-06,,0,🇺🇸,Unser,us,,0,1,,0,0,1968-10-06,0,1,0,0,Bobby,0,USA
1,england,0.0,1929-03-28,0,,0,1957-08-04,,0,🇦🇺,England,au,,0,1,,0,0,1957-08-04,0,1,0,0,Paul,0,Australia
1,lucas,0.0,1917-04-25,0,,0,1955-09-11,,0,🇫🇷,Lucas,fr,,0,1,,0,0,1955-09-11,0,1,0,0,Jean,0,France
1,tunmer,0.0,1948-12-01,0,,0,1975-03-01,,0,🇿🇦,Tunmer,za,,0,0,,0,1,1975-03-01,0,1,0,0,Guy,0,South Africa
1,rollinson,0.0,1943-05-15,1,,0,1965-07-10,,0,🇬🇧,Rollinson,gb,,0,0,,0,0,1965-07-10,0,1,0,0,Alan,0,UK
1,edmunds,0.0,1930-09-23,0,,0,1957-05-30,,0,🇺🇸,Edmunds,us,,0,1,,0,0,1957-05-30,0,1,0,0,Don,0,USA
1,ecclestone,0.0,1930-10-28,1,,0,1958-05-18,,0,🇬🇧,Ecclestone,gb,,0,0,,0,0,1958-05-18,0,1,0,0,Bernie,0,UK
1,dusio,0.0,1899-10-13,1,,0,1952-09-07,,0,🇮🇹,Dusio,it,,0,0,,0,0,1952-09-07,0,1,0,0,Piero,0,Italy
1,lucienbonnet,0.0,1923-01-07,1,,0,1959-05-10,,0,🇫🇷,Lucienbonnet,fr,,0,0,,0,0,1959-05-10,0,1,0,0,Jean,0,France
1,duncan,0.0,1911-07-25,0,,0,1954-05-31,,0,🇺🇸,Duncan,us,,0,1,,0,0,1954-05-31,0,1,0,0,Len,0,USA
1,duke,0.0,1923-03-29,1,,0,1961-08-06,,0,🇬🇧,Duke,gb,,0,0,,0,0,1961-08-06,0,1,0,0,Geoff,0,UK
1,mazet,0.0,1943-02-24,0,,0,1971-07-04,,0,🇫🇷,Mazet,fr,,0,0,,0,1,1971-07-04,0,1,0,0,François,0,France
1,dryver,0.0,1952-09-19,1,,0,1977-06-05,,0,🇧🇪,de Dryver,be,,0,0,,0,0,1977-06-05,0,1,0,0,Bernard,0,Belgium
1,tom_jones,0.0,1943-04-26,1,,0,1967-08-27,,0,🇺🇸,Jones,us,,0,0,,0,0,1967-08-27,0,1,0,0,Tom,0,USA
1,drogo,0.0,1926-08-08,0,,0,1960-09-04,,0,🇮🇹,Drogo,it,,1,0,,0,1,1960-09-04,0,1,0,0,Piero,0,Italy
1,drake,0.0,1919-12-14,0,,0,1960-11-20,,0,🇺🇸,Drake,us,,0,0,,0,1,1960-11-20,0,1,0,0,Bob,0,USA
1,dochnal,0.0,1920-10-08,1,,0,1963-10-27,,0,🇺🇸,Dochnal,us,,0,0,,0,0,1963-10-27,0,1,0,0,Frank,0,USA
1,roos,0.0,1943-10-12,0,,0,1974-06-09,,0,🇸🇪,Roos,se,,0,1,,0,0,1974-06-09,0,1,0,0,Bertil,0,Sweden
1,desire_wilson,0.0,1953-11-26,1,,0,1980-07-13,,0,🇿🇦,Wilson,za,,0,0,,0,0,1980-07-13,0,1,0,0,Desiré,0,South Africa
1,dennis_taylor,0.0,1921-06-12,1,,0,1959-07-18,,0,🇬🇧,Taylor,gb,,0,0,,0,0,1959-07-18,0,1,0,0,Dennis,0,UK
1,macdowel,0.0,1932-09-13,0,,0,1957-07-07,,0,🇬🇧,MacDowel,gb,,1,0,,0,1,1957-07-07,0,1,0,0,Mike,0,UK
1,mayer,0.0,1938-02-22,0,,0,1962-10-07,,0,🇺🇸,Mayer,us,,0,1,,0,0,1962-10-07,0,1,0,0,Timmy,0,USA
1,adams,0.0,1960-11-19,0,,0,1994-09-25,,0,🇧🇪,Adams,be,,0,0,,0,1,1994-09-25,0,1,0,0,Philippe,0,Belgium
1,ader,0.0,1912-12-15,0,,0,1950-05-30,,0,🇺🇸,Ader,us,,0,0,,0,1,1950-05-30,0,1,0,0,Walt,0,USA
1,adolff,0.0,1921-11-05,0,,0,1953-08-02,,0,🇩🇪,Adolff,de,,0,1,,0,0,1953-08-02,0,1,0,0,Kurt,0,Germany
1,titterington,0.0,1928-05-01,0,,0,1956-07-14,,0,🇬🇧,Titterington,gb,,0,1,,0,0,1956-07-14,0,1,0,0,Desmond,0,UK
1,mackay-fraser,0.0,1927-06-23,0,,0,1957-07-07,,0,🇺🇸,MacKay-Fraser,us,,0,1,,0,0,1957-07-07,0,1,0,0,Herbert,0,USA
1,tingelstad,0.0,1928-04-04,0,,0,1960-05-30,,0,🇺🇸,Tingelstad,us,,1,0,,0,1,1960-05-30,0,1,0,0,Bud,0,USA
1,thorne,0.0,1916-06-23,0,,0,1954-07-17,,0,🇬🇧,Thorne,gb,,0,0,,0,1,1954-07-17,0,1,0,0,Leslie,0,UK
1,thompson,2.0,1919-11-04,0,,0,1952-07-19,,0,🇬🇧,Thompson,gb,,1,0,,0,1,1952-07-19,0,1,0,0,Eric,1,UK
1,mackey,0.0,1927-12-15,0,,0,1951-05-30,,0,🇺🇸,Mackey,us,,0,1,,0,0,1951-05-30,0,1,0,0,Bill,0,USA
1,ryan,0.0,1940-06-10,0,,0,1961-10-08,,0,🇨🇦,Ryan,ca,,1,0,,0,1,1961-10-08,0,1,0,0,Peter,0,Canada
1,mcrae,0.0,1940-03-05,0,,0,1973-07-14,,0,🇳🇿,McRae,nz,,0,1,,0,0,1973-07-14,0,1,0,0,Graham,0,New Zealand
1,said,0.0,1932-05-05,0,,0,1959-12-12,,0,🇺🇸,Said,us,,0,1,,0,0,1959-12-12,0,1,0,0,Bob,0,USA
1,cruz,0.0,1923-06-28,0,,0,1953-01-18,,0,🇦🇷,Cruz,ar,,0,1,,0,0,1953-01-18,0,1,0,0,Adolfo,0,Argentina
1,crockett,0.0,1926-10-23,0,,0,1954-05-31,,0,🇺🇸,Crockett,us,,1,0,,0,1,1954-05-31,0,1,0,0,Larry,0,USA
1,creus,0.0,1924-10-28,0,,0,1960-02-07,,0,🇪🇸,Creus,es,,0,1,,0,0,1960-02-07,0,1,0,0,Antonio,0,Spain
1,crespo,0.0,1920-01-16,1,,0,1952-09-07,,0,🇦🇷,Crespo,ar,,0,0,,0,0,1952-09-07,0,1,0,0,Alberto,0,Argentina
1,cordts,0.0,1935-07-23,0,,0,1969-09-20,,0,🇨🇦,Cordts,ca,,0,1,,0,0,1969-09-20,0,1,0,0,John,0,Canada
1,constantine,0.0,1918-02-22,0,,0,1959-12-12,,0,🇺🇸,Constantine,us,,0,1,,0,0,1959-12-12,0,1,0,0,George,0,USA
1,sarrazin,0.0,1975-11-02,0,,0,1999-04-11,,0,🇫🇷,Sarrazin,fr,,0,1,,0,0,1999-04-11,0,1,0,0,Stéphane,0,France
1,apicella,0.0,1965-10-07,0,,0,1993-09-12,,0,🇮🇹,Apicella,it,,0,1,,0,0,1993-09-12,0,1,0,0,Marco,0,Italy
1,armi,0.0,1918-10-12,0,,0,1954-05-31,,0,🇺🇸,Armi,us,,0,0,,0,1,1954-05-31,0,1,0,0,Frank,0,USA
1,arnold,0.0,1926-05-30,0,,0,1959-05-30,,0,🇺🇸,Arnold,us,,0,0,,0,1,1959-05-30,0,1,0,0,Chuck,0,USA
1,clapham,0.0,1931-05-18,1,,0,1965-01-01,,0,🇿🇦,Clapham,za,,0,0,,0,0,1965-01-01,0,1,0,0,David,0,South Africa
1,ashdown,0.0,1934-10-16,0,,0,1959-07-18,,0,🇬🇧,Ashdown,gb,,0,0,,0,1,1959-07-18,0,1,0,0,Peter,0,UK
1,scherrer,0.0,1908-02-28,0,,0,1953-08-23,,0,🇨🇭,Scherrer,ch,,1,0,,0,1,1953-08-23,0,1,0,0,Albert,0,Switzerland
1,chitwood,1.0,1912-04-14,0,,0,1950-05-30,,0,🇺🇸,Chitwood,us,,1,0,,0,1,1950-05-30,0,1,0,0,Joie,1,USA
1,chimeri,0.0,1924-06-04,0,,0,1960-02-07,,0,🇻🇪,Chimeri,ve,,0,1,,0,0,1960-02-07,0,1,0,0,Ettore,0,Venezuela
1,charrington,0.0,1915-06-23,0,,0,1952-06-22,,0,🇬🇧,Montgomerie-Charrington,gb,,0,1,,0,0,1952-06-22,0,1,0,0,Robin,0,UK
1,chapman,0.0,1928-05-19,0,,0,1956-07-01,,0,🇬🇧,Chapman,gb,,0,1,,0,0,1956-07-01,0,1,0,0,Colin,0,UK
1,Changy,0.0,1922-02-05,1,,0,1959-05-10,,0,🇧🇪,de Changy,be,,0,0,,0,0,1959-05-10,0,1,0,0,Alain,0,Belgium
1,cantrell,0.0,1908-01-31,0,,0,1950-05-30,,0,🇺🇸,Cantrell,us,,0,1,,0,0,1950-05-30,0,1,0,0,Bill,0,USA
1,taramazzo,0.0,1932-05-05,1,,0,1958-05-18,,0,🇮🇹,Taramazzo,it,,0,0,,0,0,1958-05-18,0,1,0,0,Luigi,0,Italy
1,Cannoc,0.0,1933-06-21,0,,0,1971-10-03,,0,🇨🇦,Cannon,ca,,0,0,,0,1,1971-10-03,0,1,0,0,John,0,Canada
1,balsa,0.0,1901-01-01,0,,0,1952-08-03,,0,🇫🇷,Balsa,fr,,0,1,,0,0,1952-08-03,0,1,0,0,Marcel,0,France
1,schoeller,0.0,1902-04-27,0,,0,1952-08-03,,0,🇨🇭,Schoeller,ch,,0,1,,0,0,1952-08-03,0,1,0,0,Rudolf,0,Switzerland
1,cade,0.0,1916-06-12,1,,0,1959-12-12,,0,🇺🇸,Cade,us,,0,0,,0,0,1959-12-12,0,1,0,0,Phil,0,USA
1,takahashi,0.0,1940-01-29,0,,0,1977-10-23,,0,🇯🇵,Takahashi,jp,,1,0,,0,1,1977-10-23,0,1,0,0,Kunimitsu,0,Japan
1,schroeder,0.0,1926-05-11,0,,0,1962-10-07,,0,🇬🇧,Schroeder,gb,,1,0,,0,1,1962-10-07,0,1,0,0,Rob,0,UK
1,scotti,0.0,1909-11-11,0,,0,1956-06-03,,0,🇮🇹,Scotti,it,,0,1,,0,0,1956-06-03,0,1,0,0,Piero,0,Italy
1,scott_Brown,0.0,1927-05-13,0,,0,1956-07-14,,0,🇬🇧,Scott Brown,gb,,0,1,,0,0,1956-07-14,0,1,0,0,Archie,0,UK
1,bassi,0.0,1934-01-20,0,,0,1965-09-12,,0,🇮🇹,Bassi,it,,0,1,,0,0,1965-09-12,0,1,0,0,Giorgio,0,Italy
1,bauer,0.0,1912-07-17,0,,0,1953-08-02,,0,🇩🇪,Bauer,de,,0,1,,0,0,1953-08-02,0,1,0,0,Erwin,0,Germany
1,bueno,0.0,1937-01-16,0,,0,1973-02-11,,0,🇧🇷,Bueno,br,,0,0,,0,1,1973-02-11,0,1,0,0,Luiz,0,Brazil
1,serafini,3.0,1909-07-22,0,,1,1950-09-03,,0,🇮🇹,Serafini,it,,1,0,,0,1,1950-09-03,0,1,0,0,Dorino,1,Italy
1,sutcliffe,0.0,1947-05-09,1,,0,1977-07-16,,0,🇬🇧,Sutcliffe,gb,,0,0,,0,0,1977-07-16,0,1,0,0,Andy,0,UK
1,beauman,0.0,1928-07-26,0,,0,1954-07-17,,0,🇬🇧,Beauman,gb,,0,0,,0,1,1954-07-17,0,1,0,0,Don,0,UK
1,brudes,0.0,1899-10-15,0,,0,1952-08-03,,0,🇩🇪,Brudes,de,,0,1,,0,0,1952-08-03,0,1,0,0,Adolf,0,Germany
1,brown,0.0,1949-12-24,0,,0,1976-10-10,,0,🇦🇺,Brown,au,,0,0,,0,1,1976-10-10,0,1,0,0,Warwick,0,Australia
1,broeker,0.0,1929-05-15,0,,0,1963-10-06,,0,🇨🇦,Broeker,ca,,1,0,,0,1,1963-10-06,0,1,0,0,Peter,0,Canada
1,bridger,0.0,1934-06-24,0,,0,1958-10-19,,0,🇬🇧,Bridger,gb,,0,1,,0,0,1958-10-19,0,1,0,0,Tom,0,UK
1,mantz,0.0,1918-09-18,0,,0,1953-05-30,,0,🇺🇸,Mantz,us,,0,0,,0,1,1953-05-30,0,1,0,0,Johnny,0,USA
1,markus_winkelhock,0.0,1980-06-13,0,,0,2007-07-22,,0,🇩🇪,Winkelhock,de,WIN,0,1,,0,0,2007-07-22,0,1,0,0,Markus,0,Germany
1,botha,0.0,1930-01-16,0,,0,1967-01-02,,0,🇿🇦,Botha,za,,0,1,,0,0,1967-01-02,0,1,0,0,Luki,0,South Africa
1,bordeu,0.0,1934-01-28,1,,0,1961-07-02,,0,🇦🇷,Bordeu,ar,,0,0,,0,0,1961-07-02,0,1,0,0,Juan Manuel,0,Argentina
1,bonomi,0.0,1919-09-30,0,,0,1960-02-07,,0,🇦🇷,Bonomi,ar,,0,0,,0,1,1960-02-07,0,1,0,0,Roberto,0,Argentina
1,slotemaker,0.0,1929-06-13,1,,0,1962-05-20,,0,🇳🇱,Slotemaker,nl,,0,0,,0,0,1962-05-20,0,1,0,0,Rob,0,Netherlands
1,boffa,0.0,1930-01-04,1,,0,1961-09-10,,0,🇮🇹,Boffa,it,,0,0,,0,0,1961-09-10,0,1,0,0,Menato,0,Italy
1,sospiri,0.0,1966-10-07,0,,0,1997-03-09,,0,🇮🇹,Sospiri,it,,0,1,,0,0,1997-03-09,0,1,0,0,Vincenzo,0,Italy
1,south,0.0,1952-02-19,1,,0,1980-03-30,,0,🇬🇧,South,gb,,0,0,,0,0,1980-03-30,0,1,0,0,Stephen,0,UK
1,blignaut,0.0,1932-11-30,1,,0,1965-01-01,,0,🇿🇦,Blignaut,za,,0,0,,0,0,1965-01-01,0,1,0,0,Alex,0,South Africa
1,sparken,0.0,1930-06-16,0,,0,1955-07-16,,0,🇫🇷,Sparken,fr,,1,0,,0,1,1955-07-16,0,1,0,0,Mike,0,France
1,bill_moss,0.0,1933-09-04,1,,0,1959-07-18,,0,🇬🇧,Moss,gb,,0,0,,0,0,1959-07-18,0,1,0,0,Bill,0,UK
1,blanchard,0.0,1929-06-13,0,,0,1959-12-12,,0,🇺🇸,Blanchard,us,,1,0,,0,1,1959-12-12,0,1,0,0,Harry,0,USA
1,biondetti,0.0,1898-08-18,0,,0,1950-09-03,,0,🇮🇹,Biondetti,it,,0,1,,0,0,1950-09-03,0,1,0,0,Clemente,0,Italy
1,karch,0.0,1917-03-06,0,,0,1953-08-02,,0,🇩🇪,Karch,de,,0,1,,0,0,1953-08-02,0,1,0,0,Oswald,0,Germany
10,lavaggi,0.0,1958-02-18,2,,0,1996-10-13,,0,🇮🇹,Lavaggi,it,,1,6,,0,2,1995-07-30,0,2,0,0,Giovanni,0,Italy
10,brise,1.0,1952-03-28,0,,0,1975-10-05,,0,🇬🇧,Brise,gb,,4,4,,0,6,1975-04-27,0,1,0,0,Tony,1,UK
10,henry_taylor,3.0,1932-12-16,2,,0,1961-09-10,,0,🇬🇧,Taylor,gb,,4,1,,0,7,1959-07-18,0,3,0,0,Henry,1,UK
10,love,6.0,1924-12-07,1,,1,1972-03-04,,0,🇿🇼,Love,zw,,5,3,,0,6,1962-12-29,0,10,0,0,John,1,Rhodesia
10,settember,0.0,1926-07-10,4,,0,1963-09-08,,0,🇺🇸,Settember,us,,1,4,,0,2,1962-07-21,0,2,0,0,Tony,0,USA
10,irwin,2.0,1942-06-27,0,,0,1967-10-22,,0,🇬🇧,Irwin,gb,,5,5,,0,5,1966-07-16,0,2,0,0,Chris,1,UK
10,weidler,0.0,1962-03-18,10,,0,1989-08-13,,0,🇩🇪,Weidler,de,,0,0,,0,0,1989-03-26,0,1,0,0,Volker,0,Germany
10,parsons,12.0,1918-07-04,0,1950-05-30,1,1958-05-30,,0,🇺🇸,Parsons,us,,3,4,1950-05-30,0,6,1950-05-30,0,9,0,1,Johnnie,2,USA
10,maglioli,3.33,1929-06-05,0,,2,1957-08-04,,0,🇮🇹,Maglioli,it,,6,4,,0,6,1953-09-13,0,5,0,0,Umberto,2,Italy
10,beretta,0.0,1969-11-23,0,,0,1994-08-14,,0,🇲🇨,Beretta,mc,,3,6,,0,4,1994-03-27,0,1,0,0,Olivier,0,Monaco
10,chiesa,0.0,1964-05-06,7,,0,1992-07-26,,0,🇨🇭,Chiesa,ch,,0,3,,0,0,1992-03-01,0,1,0,0,Andrea,0,Switzerland
10,darter,6.5,1913-05-05,0,,1,1960-05-30,,0,🇺🇸,Carter,us,,5,1,,0,9,1950-05-30,0,8,0,0,Duane,3,USA
100,siffert,68.0,1936-07-12,4,1971-08-15,6,1971-10-03,,0,🇨🇭,Siffert,ch,,45,44,1968-07-20,0,52,1962-06-03,2,10,0,2,Jo,20,Switzerland
100,stewart,360.0,1939-06-11,0,1973-08-05,43,1973-10-07,,3,🇬🇧,Stewart,gb,,61,37,1965-09-12,0,63,1965-01-01,17,9,2,27,Jackie,57,UK
103,mclaren,196.5,1937-08-30,1,1968-06-09,27,1970-05-10,,0,🇳🇿,McLaren,nz,,58,39,1959-12-12,0,63,1958-08-03,0,13,1,4,Bruce,50,New Zealand
103,johansson,88.0,1956-09-08,24,,12,1991-07-14,,0,🇸🇪,Johansson,se,,38,35,,0,44,1980-01-13,0,10,0,0,Stefan,26,Sweden
104,grosjean,316.0,1986-04-17,0,,10,2016-11-27,8,0,🇫🇷,Grosjean,fr,GRO,40,29,,1,75,2009-08-23,0,6,0,0,Romain,40,France
106,amon,83.0,1943-07-20,7,,11,1976-10-03,,0,🇳🇿,Amon,nz,,42,48,,0,51,1963-05-26,5,14,0,0,Chris,29,New Zealand
107,rosa,35.0,1971-02-24,1,,1,2012-11-25,,0,🇪🇸,de la Rosa,es,DLR,20,50,,1,56,1999-03-07,0,9,0,0,Pedro,12,Spain
107,verstappen,17.0,1972-03-04,0,,2,2003-10-12,,0,🇳🇱,Verstappen,nl,,24,58,,0,49,1994-03-27,0,8,0,0,Jos,7,Netherlands
109,ricciardo,616.0,1989-07-01,0,2016-10-02,18,2016-11-27,3,0,🇦🇺,Ricciardo,au,RIC,62,12,2014-06-08,8,97,2011-07-10,1,6,0,4,Daniel,62,Australia
109,bonnier,39.0,1930-01-31,4,1959-05-31,1,1971-10-03,,0,🇸🇪,Bonnier,se,,44,55,1959-05-31,0,50,1956-09-02,1,16,0,1,Jo,20,Sweden
11,lovely,0.0,1926-04-11,4,,0,1971-10-03,,0,🇺🇸,Lovely,us,,2,4,,0,3,1959-05-10,0,5,0,0,Pete,0,USA
11,ashley,0.0,1947-10-26,6,,0,1977-10-09,,0,🇬🇧,Ashley,gb,,0,3,,0,2,1974-08-04,0,4,0,0,Ian,0,UK
11,doornbos,0.0,1981-09-23,0,,0,2006-10-22,,0,🇳🇱,Doornbos,nl,DOO,0,2,,0,9,2005-07-24,0,2,0,0,Robert,0,Netherlands
11,zunino,0.0,1949-04-13,1,,0,1981-04-12,,0,🇦🇷,Zunino,ar,,4,4,,0,6,1979-09-30,0,3,0,0,Ricardo,0,Argentina
11,walker,0.0,1941-06-10,0,,0,1972-10-08,,0,🇦🇺,Walker,au,,2,6,,0,5,1971-06-20,0,2,0,0,David,0,Australia
11,purley,0.0,1945-01-26,3,,0,1977-07-16,,0,🇬🇧,Purley,gb,,1,4,,0,4,1973-06-03,0,3,0,0,David,0,UK
11,frere,11.0,1917-01-30,0,,1,1956-06-03,,0,🇧🇪,Frère,be,,5,6,,0,5,1952-06-22,0,5,0,0,Paul,3,Belgium
11,friesacher,3.0,1980-09-26,0,,0,2005-07-10,,0,🇦🇹,Friesacher,at,FRI,1,6,,0,5,2005-03-06,0,1,0,0,Patrick,1,Austria
11,chandhok,0.0,1984-01-19,0,,0,2011-07-24,,0,🇮🇳,Chandhok,in,CHA,0,2,,0,9,2010-03-14,0,2,0,0,Karun,0,India
11,lewis,3.0,1936-11-01,2,,0,1962-08-05,,0,🇬🇧,Lewis,gb,,5,4,,0,5,1961-06-18,0,2,0,0,Jackie,1,UK
11,bucknum,2.0,1936-04-05,0,,0,1966-10-23,,0,🇺🇸,Bucknum,us,,2,7,,0,4,1964-08-02,0,3,0,0,Ronnie,1,USA
11,linden,5.0,1922-04-05,0,,0,1957-05-30,,0,🇺🇸,Linden,us,,3,6,,0,5,1951-05-30,0,7,0,0,Andy,2,USA
11,boullion,3.0,1969-12-27,0,,0,1995-10-22,,0,🇫🇷,Boullion,fr,,5,4,,0,7,1995-05-28,0,1,0,0,Jean-Christophe,2,France
110,angelis,122.0,1958-03-26,2,1985-05-05,9,1986-05-11,,0,🇮🇹,de Angelis,it,,54,49,1982-08-15,0,59,1979-01-21,3,8,0,2,Elio,43,Italy
111,salo,33.0,1966-11-30,1,,2,2002-10-13,,0,🇫🇮,Salo,fi,,48,46,,0,64,1994-11-06,0,8,0,0,Mika,16,Finland
111,ghinzani,2.0,1952-01-16,35,,0,1989-11-05,,0,🇮🇹,Ghinzani,it,,8,56,,0,20,1981-05-17,0,8,0,0,Piercarlo,1,Italy
112,hulme,248.0,1936-06-18,0,1974-01-13,33,1974-10-06,,1,🇳🇿,Hulme,nz,,72,34,1967-05-07,0,78,1965-05-30,1,10,0,8,Denny,61,New Zealand
112,surtees,180.0,1934-02-11,0,1967-09-10,24,1972-09-10,,1,🇬🇧,Surtees,gb,,50,58,1963-08-04,0,54,1960-05-29,8,13,1,6,John,40,UK
112,kovalainen,105.0,1981-10-19,0,2008-08-03,4,2013-11-24,,0,🇫🇮,Kovalainen,fi,KOV,36,21,2008-08-03,2,91,2007-03-18,1,7,0,1,Heikki,29,Finland
113,scheckter,255.0,1950-01-29,1,1979-09-09,33,1980-10-05,,1,🇿🇦,Scheckter,za,,68,35,1974-06-09,0,77,1972-10-08,3,9,1,10,Jody,53,South Africa
114,mass,71.0,1946-09-30,8,1975-04-27,8,1982-07-25,,0,🇩🇪,Mass,de,,48,42,1975-04-27,0,64,1973-07-14,0,9,0,1,Jochen,28,Germany
115,perez,367.0,1990-01-26,0,,7,2016-11-27,11,0,🇲🇽,Pérez,mx,PER,63,15,,3,100,2011-03-27,0,6,0,0,Sergio,63,Mexico
115,alliot,7.0,1954-07-27,6,,0,1994-08-28,,0,🇫🇷,Alliot,fr,,26,65,,0,44,1984-03-25,0,9,0,0,Philippe,6,France
117,hulkenberg,362.0,1987-08-19,0,,0,2016-11-27,27,0,🇩🇪,Hülkenberg,de,HUL,66,20,,2,97,2010-03-14,1,6,0,0,Nico,66,Germany
117,jones,206.0,1946-11-02,0,1981-10-17,24,1986-10-26,,1,🇦🇺,Jones,au,,54,49,1977-08-14,0,68,1975-04-27,6,10,0,12,Alan,39,Australia
12,lees,0.0,1951-05-01,7,,0,1982-07-25,,0,🇬🇧,Lees,gb,,1,2,,0,3,1978-07-16,0,4,0,0,Geoff,0,UK
12,rathmann,29.0,1928-07-16,0,1960-05-30,4,1960-05-30,,0,🇺🇸,Rathmann,us,,6,3,1960-05-30,0,9,1950-05-30,0,10,0,1,Jim,5,USA
12,schuppan,0.0,1943-03-19,3,,0,1977-08-28,,0,🇦🇺,Schuppan,au,,1,5,,0,4,1974-05-12,0,3,0,0,Vern,0,Australia
12,marimon,8.14,1923-12-19,0,,2,1954-08-01,,0,🇦🇷,Marimón,ar,,3,9,,0,3,1951-07-01,0,3,0,0,Onofre,2,Argentina
12,ward,14.0,1921-01-10,0,1959-05-30,2,1963-10-06,,0,🇺🇸,Ward,us,,3,8,1959-05-30,0,4,1951-05-30,0,11,0,1,Rodger,2,USA
12,etancelin,3.0,1896-12-29,0,,0,1952-07-06,,0,🇫🇷,Étancelin,fr,,6,6,,0,6,1950-05-13,0,3,0,0,Philippe,2,France
12,mairesse,7.0,1928-10-01,0,,1,1963-08-04,,0,🇧🇪,Mairesse,be,,3,9,,0,3,1960-06-19,0,4,0,0,Willy,2,Belgium
12,kling,17.0,1910-09-16,0,,2,1955-09-11,,0,🇩🇪,Kling,de,,6,6,,0,6,1954-07-04,0,2,0,0,Karl,5,Germany
12,whitehead,4.0,1914-11-12,1,,1,1954-07-17,,0,🇬🇧,Whitehead,gb,,5,6,,0,5,1950-05-21,0,5,0,0,Peter,1,UK
12,evans,0.0,1947-06-11,2,,0,1976-07-18,,0,🇬🇧,Evans,gb,,2,5,,0,5,1975-03-01,0,2,0,0,Bob,0,UK
12,simon,0.0,1920-01-05,1,,0,1957-09-08,,0,🇫🇷,Simon,fr,,3,7,,0,4,1951-07-01,0,5,0,0,André,0,France
12,gavin,9.0,1942-01-18,1,,1,1970-05-10,,0,🇫🇷,Servoz-Gavin,fr,,4,7,,0,4,1967-05-07,0,4,0,0,Johnny,3,France
12,fabre,0.0,1960-01-09,1,,0,1987-09-27,,0,🇫🇷,Fabre,fr,,3,3,,0,8,1987-04-12,0,1,0,0,Pascal,0,France
12,follmer,5.0,1934-01-27,0,,1,1973-10-07,,0,🇺🇸,Follmer,us,,4,5,,0,7,1973-03-03,0,1,0,0,George,2,USA
12,hall,3.0,1935-07-23,1,,0,1963-10-27,,0,🇺🇸,Hall,us,,7,3,,0,8,1960-11-20,0,4,0,0,Jim,2,USA
12,haryanto,0.0,1993-01-20,0,,0,2016-07-31,88,0,🇮🇩,Haryanto,id,HAR,0,3,,0,9,2016-03-20,0,1,0,0,Rio,0,Indonesia
12,menditeguy,9.0,1914-08-10,0,,1,1960-02-07,,0,🇦🇷,Menditeguy,ar,,4,8,,0,4,1953-01-18,0,7,0,0,Carlos,3,Argentina
121,ickx,181.0,1945-01-01,6,1972-07-30,25,1979-10-07,,0,🇧🇪,Ickx,be,,56,49,1968-07-07,0,66,1967-08-06,13,13,2,8,Jacky,40,Belgium
122,damon_hill,360.0,1960-09-17,6,1998-08-30,42,1999-10-31,,1,🇬🇧,Hill,gb,,70,39,1993-08-15,0,77,1992-05-03,20,8,2,22,Damon,56,UK
122,tambay,103.0,1949-06-25,5,1983-05-01,11,1986-10-26,,0,🇫🇷,Tambay,fr,,52,60,1982-08-08,0,57,1977-07-03,5,9,0,2,Patrick,32,France
123,martini,18.0,1961-04-23,4,,0,1995-07-30,,0,🇮🇹,Martini,it,,37,64,,0,55,1984-09-09,0,10,0,0,Pierluigi,10,Italy
123,peterson,206.0,1944-02-14,0,1978-08-13,26,1978-09-10,,0,🇸🇪,Peterson,se,,60,52,1973-07-01,0,71,1970-05-10,14,9,2,10,Ronnie,42,Sweden
128,keke_rosberg,159.5,1948-12-06,14,1985-11-03,17,1986-10-26,,1,🇫🇮,Rosberg,fi,,52,55,1982-08-29,0,59,1978-03-04,5,9,0,5,Keke,38,Finland
128,sutil,124.0,1983-01-11,0,,0,2014-11-23,99,0,🇩🇪,Sutil,de,SUT,30,39,,1,89,2007-03-18,0,7,0,0,Adrian,28,Germany
129,mario_andretti,180.0,1940-02-28,1,1978-08-27,19,1982-09-25,,1,🇺🇸,Andretti,us,,55,66,1971-03-06,0,62,1968-10-06,18,14,0,12,Mario,38,USA
129,jack_brabham,261.0,1926-04-02,1,1970-03-07,31,1970-10-25,,3,🇦🇺,Brabham,au,,67,55,1959-05-10,0,73,1955-07-16,13,16,1,14,Jack,53,Australia
13,neve,0.0,1949-10-13,3,,0,1977-10-09,,0,🇧🇪,Nève,be,,4,2,,0,8,1976-05-16,0,2,0,0,Patrick,0,Belgium
13,stohr,0.0,1952-10-10,4,,0,1981-09-13,,0,🇮🇹,Stohr,it,,2,6,,0,3,1981-03-15,0,1,0,0,Siegfried,0,Italy
13,cabantous,5.0,1904-10-08,0,,0,1953-09-13,,0,🇫🇷,Cabantous,fr,,6,5,,0,8,1950-05-13,0,4,0,0,Yves,2,France
13,bettenhausen,11.0,1916-09-12,0,,1,1960-05-30,,0,🇺🇸,Bettenhausen,us,,5,5,,0,8,1950-05-30,0,11,0,0,Tony,4,USA
13,seidel,0.0,1926-07-04,3,,0,1962-08-05,,0,🇩🇪,Seidel,de,,1,7,,0,3,1953-08-02,0,5,0,0,Wolfgang,0,Germany
13,scarfiotti,17.0,1933-10-18,3,1966-09-04,1,1968-05-26,,0,🇮🇹,Scarfiotti,it,,6,4,1966-09-04,0,6,1963-06-09,0,6,0,1,Ludovico,5,Italy
13,opel,0.0,1947-10-14,2,,0,1974-07-07,,0,🇱🇮,von Opel,li,,2,7,,0,4,1973-07-01,0,2,0,0,Rikky,0,Liechtenstein
13,merhi,0.0,1991-03-22,0,,0,2015-11-29,98,0,🇪🇸,Merhi,es,MER,0,1,,0,12,2015-03-29,0,1,0,0,Roberto,0,Spain
13,fairman,5.0,1913-03-15,0,,0,1961-09-10,,0,🇬🇧,Fairman,gb,,3,10,,0,3,1953-07-18,0,8,0,0,Jack,2,UK
13,ligier,1.0,1930-07-12,1,,0,1967-10-22,,0,🇫🇷,Ligier,fr,,5,6,,0,6,1966-05-22,0,2,0,0,Guy,1,France
13,charlton,0.0,1936-10-27,2,,0,1975-03-01,,0,🇿🇦,Charlton,za,,0,8,,0,3,1965-01-01,0,9,0,0,Dave,0,South Africa
13,andretti,7.0,1962-10-02,0,,1,1993-09-12,,0,🇺🇸,Andretti,us,,5,7,,0,6,1993-03-14,0,1,0,0,Michael,3,USA
13,redman,8.0,1937-03-09,1,,1,1974-05-26,,0,🇬🇧,Redman,gb,,6,5,,0,7,1968-01-01,0,6,0,0,Brian,3,UK
13,chaves,0.0,1965-02-27,13,,0,1991-09-22,,0,🇵🇹,Chaves,pt,,0,0,,0,0,1991-03-10,0,1,0,0,Pedro,0,Portugal
13,elford,8.0,1935-06-10,0,,0,1971-08-01,,0,🇬🇧,Elford,gb,,7,5,,0,8,1968-07-07,0,3,0,0,Vic,4,UK
13,eaton,0.0,1945-11-12,2,,0,1971-09-19,,0,🇨🇦,Eaton,ca,,1,7,,0,4,1969-10-05,0,3,0,0,George,0,Canada
138,regazzoni,212.0,1939-09-05,7,1979-07-14,28,1980-03-30,,0,🇨🇭,Regazzoni,ch,,71,48,1970-09-06,0,83,1970-06-21,5,11,1,5,Clay,52,Switzerland
14,godia,6.0,1921-03-21,1,,0,1958-07-06,,0,🇪🇸,Godia,es,,8,5,,0,8,1951-10-28,0,5,0,0,Paco,2,Spain
14,pantano,0.0,1979-02-04,0,,0,2004-09-12,,0,🇮🇹,Pantano,it,,0,8,,0,6,2004-03-07,0,1,0,0,Giorgio,0,Italy
14,lewis-evans,16.0,1930-04-20,0,,2,1958-10-19,,0,🇬🇧,Lewis-Evans,gb,,6,8,,0,6,1957-05-19,2,2,0,0,Stuart,5,UK
14,langes,0.0,1960-07-20,14,,0,1990-09-30,,0,🇮🇹,Langes,it,,0,0,,0,0,1990-03-11,0,1,0,0,Claudio,0,Italy
14,bell,1.0,1941-10-31,5,,0,1974-09-22,,0,🇬🇧,Bell,gb,,1,7,,0,2,1968-09-08,0,6,0,0,Derek,1,UK
14,villota,0.0,1946-07-26,12,,0,1982-07-03,,0,🇪🇸,de Villota,es,,0,0,,0,2,1976-05-02,0,4,0,0,Emilio,0,Spain
14,firman,1.0,1975-05-20,0,,0,2003-10-12,,0,🇮🇪,Firman,ie,,2,6,,0,8,2003-03-09,0,1,0,0,Ralph,1,Ireland
143,cheever,70.0,1958-01-10,11,,9,1989-11-05,,0,🇺🇸,Cheever,us,,43,77,,0,55,1978-01-15,0,11,0,0,Eddie,25,USA
143,jarier,31.5,1946-07-10,5,,3,1983-10-15,,0,🇫🇷,Jarier,fr,,43,75,,0,63,1971-09-05,3,12,0,0,Jean-Pierre,14,France
146,reutemann,310.0,1942-04-12,0,1981-05-17,45,1982-03-21,,0,🇦🇷,Reutemann,ar,,86,49,1974-03-30,0,97,1972-01-23,6,11,1,12,Carlos,66,Argentina
147,irvine,191.0,1965-11-10,0,1999-10-17,26,2002-10-13,,0,🇬🇧,Irvine,gb,,76,62,1999-03-07,0,85,1993-10-24,0,10,1,4,Eddie,50,UK
149,emerson_fittipaldi,281.0,1946-12-12,4,1975-07-19,35,1980-10-05,,2,🇧🇷,Fittipaldi,br,,76,51,1970-10-04,0,94,1970-07-18,6,11,2,14,Emerson,57,Brazil
15,flockhart,5.0,1923-06-16,2,,1,1960-11-20,,0,🇬🇧,Flockhart,gb,,4,8,,0,5,1954-07-17,0,6,0,0,Ron,2,UK
15,barilla,0.0,1961-04-20,6,,0,1990-09-30,,0,🇮🇹,Barilla,it,,0,5,,0,4,1989-10-22,0,2,0,0,Paolo,0,Italy
15,miles,2.0,1943-06-14,3,,0,1970-09-06,,0,🇬🇧,Miles,gb,,4,8,,0,4,1969-07-06,0,2,0,0,John,1,UK
15,perkins,0.0,1950-03-18,4,,0,1977-07-03,,0,🇦🇺,Perkins,au,,1,6,,0,5,1974-08-04,0,3,0,0,Larry,0,Australia
15,macklin,0.0,1919-09-02,2,,0,1955-07-16,,0,🇬🇧,Macklin,gb,,3,8,,0,5,1952-05-18,0,4,0,0,Lance,0,UK
15,burti,0.0,1975-03-05,0,,0,2001-09-02,,0,🇧🇷,Burti,br,,4,6,,0,9,2000-07-16,0,2,0,0,Luciano,0,Brazil
15,scarlatti,1.0,1921-10-02,3,,0,1961-07-02,,0,🇮🇹,Scarlatti,it,,4,7,,0,5,1956-05-13,0,6,0,0,Giorgio,1,Italy
15,binder,0.0,1948-06-12,2,,0,1978-08-13,,0,🇦🇹,Binder,at,,2,7,,0,6,1976-08-15,0,3,0,0,Hans,0,Austria
15,arundell,12.0,1933-11-08,4,,2,1966-10-23,,0,🇬🇧,Arundell,gb,,8,3,,0,8,1962-07-08,0,4,0,0,Peter,4,UK
15,andre_pilette,2.0,1918-10-06,6,,0,1964-08-02,,0,🇧🇪,Pilette,be,,5,2,,0,7,1951-06-17,0,7,0,0,André,1,Belgium
15,borgudd,1.0,1946-11-25,5,,0,1982-04-04,,0,🇸🇪,Borgudd,se,,4,4,,0,6,1981-05-03,0,2,0,0,Slim,1,Sweden
15,migault,0.0,1944-12-04,1,,0,1975-07-06,,0,🇫🇷,Migault,fr,,0,10,,0,4,1972-08-13,0,3,0,0,François,0,France
15,donnelly,0.0,1964-03-26,1,,0,1990-09-30,,0,🇬🇧,Donnelly,gb,,3,8,,0,6,1989-07-09,0,2,0,0,Martin,0,UK
15,donohue,8.0,1937-03-18,0,,1,1975-08-17,,0,🇺🇸,Donohue,us,,6,7,,0,8,1971-09-19,0,3,0,0,Mark,3,USA
15,sullivan,2.0,1950-03-09,0,,0,1983-10-15,,0,🇺🇸,Sullivan,us,,3,8,,0,7,1983-03-13,0,1,0,0,Danny,1,USA
154,watson,169.0,1946-05-04,2,1983-03-27,20,1985-10-06,,0,🇬🇧,Watson,gb,,75,62,1976-08-15,0,90,1973-07-14,2,12,0,5,John,47,UK
158,panis,76.0,1966-09-02,0,1996-05-19,5,2004-10-10,,0,🇫🇷,Panis,fr,,65,59,1996-05-19,0,99,1994-03-27,0,10,0,1,Olivier,29,France
159,frentzen,174.0,1967-05-18,2,1999-09-12,18,2003-10-12,,0,🇩🇪,Frentzen,de,,82,61,1997-04-27,0,96,1994-03-27,2,10,1,3,Heinz-Harald,56,Germany
16,wharton,3.0,1916-03-21,0,,0,1955-09-11,,0,🇬🇧,Wharton,gb,,8,8,,0,8,1952-05-18,0,4,0,0,Ken,1,UK
16,yoong,0.0,1976-07-20,1,,0,2002-10-13,,0,🇲🇾,Yoong,my,,2,9,,0,6,2001-09-16,0,2,0,0,Alex,0,Malaysia
16,dumfries,3.0,1958-04-26,1,,0,1986-10-26,,0,🇬🇧,Dumfries,gb,,6,9,,0,6,1986-03-23,0,1,0,0,Johnny,2,UK
16,wilson,1.0,1978-07-31,0,,0,2003-10-12,,0,🇬🇧,Wilson,gb,,1,9,,0,7,2003-03-09,0,1,0,0,Justin,1,UK
16,tuero,0.0,1978-04-22,0,,0,1998-11-01,,0,🇦🇷,Tuero,ar,,1,12,,0,4,1998-03-08,0,1,0,0,Esteban,0,Argentina
16,edwards,0.0,1942-12-30,5,,0,1977-07-16,,0,🇬🇧,Edwards,gb,,2,3,,0,8,1974-01-13,0,3,0,0,Guy,0,UK
162,senna,614.0,1960-03-21,1,1993-11-07,80,1994-05-01,,3,🇧🇷,Senna,br,,104,53,1985-04-21,0,108,1984-03-25,65,11,2,41,Ayrton,96,Brazil
162,warwick,71.0,1954-08-27,14,,4,1993-11-07,,0,🇬🇧,Warwick,gb,,55,81,,0,67,1981-05-03,0,11,0,0,Derek,30,UK
164,boutsen,132.0,1957-07-13,1,1990-08-12,15,1993-08-29,,0,🇧🇪,Boutsen,be,,79,66,1989-06-18,0,97,1983-05-22,1,11,0,3,Thierry,41,Belgium
164,arnoux,181.0,1948-07-04,15,1983-08-28,22,1989-11-05,,0,🇫🇷,Arnoux,fr,,68,67,1980-01-27,0,82,1978-03-04,18,12,0,7,René,42,France
165,villeneuve,235.0,1971-04-09,0,1997-09-28,23,2006-07-30,,1,🇨🇦,Villeneuve,ca,VIL,86,57,1996-04-28,0,108,1996-03-10,13,11,1,11,Jacques,53,Canada
165,brundle,98.0,1959-06-01,7,,9,1996-10-13,,0,🇬🇧,Brundle,gb,,69,75,,0,83,1984-03-25,0,12,0,0,Martin,39,UK
165,hakkinen,420.0,1968-09-28,2,2001-09-30,51,2001-10-14,,2,🇫🇮,Häkkinen,fi,,96,60,1997-10-26,0,103,1991-03-10,26,11,1,20,Mika,83,Finland
165,herbert,98.0,1964-06-25,3,1999-09-26,7,2000-10-22,,0,🇬🇧,Herbert,gb,,70,72,1995-07-16,0,90,1989-03-26,0,12,0,3,Johnny,29,UK
17,chiron,4.0,1899-08-03,2,,1,1958-05-18,,0,🇲🇨,Chiron,mc,,6,8,,0,7,1950-05-13,0,6,0,0,Louis,1,Monaco
17,raphanel,0.0,1961-05-27,16,,0,1989-11-05,,0,🇫🇷,Raphanel,fr,,0,1,,0,0,1988-11-13,0,2,0,0,Pierre-Henri,0,France
17,gabbiani,0.0,1957-01-02,14,,0,1981-10-17,,0,🇮🇹,Gabbiani,it,,0,3,,0,0,1978-10-01,0,2,0,0,Beppe,0,Italy
17,attwood,11.0,1940-04-04,0,,1,1969-05-18,,0,🇬🇧,Attwood,gb,,8,5,,0,12,1964-07-11,0,5,0,0,Richard,4,UK
17,gendebien,18.0,1924-01-12,3,,2,1961-10-08,,0,🇧🇪,Gendebien,be,,9,3,,0,11,1956-01-22,0,5,0,0,Olivier,5,Belgium
17,lombardi,0.5,1941-03-26,4,,0,1976-08-15,,0,🇮🇹,Lombardi,it,,2,6,,0,7,1974-07-20,0,3,0,0,Lella,1,Italy
17,galli,0.0,1940-01-02,1,,0,1973-06-03,,0,🇮🇹,Galli,it,,1,9,,0,7,1970-09-06,0,4,0,0,Nanni,0,Italy
17,castellotti,19.5,1930-10-10,0,,3,1957-01-13,,0,🇮🇹,Castellotti,it,,8,9,,0,8,1955-01-16,3,3,0,0,Eugenio,5,Italy
17,bonetto,17.5,1903-06-09,0,,2,1953-09-13,,0,🇮🇹,Bonetto,it,,9,8,,0,9,1950-06-04,1,4,0,0,Felice,8,Italy
17,mcnish,0.0,1969-12-29,0,,0,2002-10-13,,0,🇬🇧,McNish,gb,,4,9,,0,8,2002-03-03,0,1,0,0,Allan,0,UK
17,mieres,13.0,1924-12-03,0,,0,1955-09-11,,0,🇦🇷,Mieres,ar,,8,9,,0,8,1953-06-07,0,3,0,0,Roberto,5,Argentina
174,lauda,420.5,1949-02-22,2,1985-08-25,54,1985-11-03,,3,🇦🇹,Lauda,at,,81,81,1974-04-28,0,91,1971-08-15,24,13,1,25,Niki,73,Austria
179,hill,289.0,1929-02-15,3,1969-05-18,36,1975-05-11,,2,🇬🇧,Hill,gb,,86,74,1962-05-20,0,102,1958-05-18,13,18,3,14,Graham,59,UK
179,vettel,2108.0,1987-07-03,0,2015-09-20,86,2016-11-27,5,4,🇩🇪,Vettel,de,VET,142,26,2008-09-14,28,153,2007-06-17,46,10,1,42,Sebastian,141,Germany
18,bruni,0.0,1981-05-30,0,,0,2004-10-24,,0,🇮🇹,Bruni,it,,0,9,,0,9,2004-03-07,0,1,0,0,Gianmaria,0,Italy
18,inoue,0.0,1963-09-05,0,,0,1995-11-12,,0,🇯🇵,Inoue,jp,,2,13,,0,5,1994-11-06,0,2,0,0,Taki,0,Japan
18,gould,2.0,1918-09-20,3,,0,1960-09-04,,0,🇬🇧,Gould,gb,,4,10,,0,5,1954-07-17,0,6,0,0,Horace,1,UK
18,moser,3.0,1941-04-24,6,,0,1971-09-05,,0,🇨🇭,Moser,ch,,3,8,,0,4,1967-07-15,0,5,0,0,Silvio,2,Switzerland
18,allison,11.0,1932-02-08,2,,1,1961-06-18,,0,🇬🇧,Allison,gb,,10,6,,0,10,1958-05-18,0,4,0,0,Cliff,3,UK
18,taruffi,41.0,1906-10-12,1,1952-05-18,5,1956-09-02,,0,🇮🇹,Taruffi,it,,12,5,1952-05-18,0,12,1950-09-03,0,6,0,1,Piero,9,Italy
180,ralf_schumacher,329.0,1975-06-30,0,2003-07-06,27,2007-10-21,,0,🇩🇪,Schumacher,de,SCH,105,58,2001-04-15,1,122,1997-03-09,6,11,0,6,Ralf,90,Germany
180,laffite,228.0,1943-11-21,3,1981-09-27,32,1986-07-13,,0,🇫🇷,Laffite,fr,,80,83,1977-06-19,0,94,1974-08-04,7,13,0,6,Jacques,59,France
184,heidfeld,259.0,1977-05-10,0,,13,2011-07-31,,0,🇩🇪,Heidfeld,de,HEI,101,46,,2,138,2000-03-12,1,12,0,0,Nick,70,Germany
188,hamilton,2247.0,1985-01-07,0,2016-11-27,104,2016-11-27,44,3,🇬🇧,Hamilton,gb,HAM,155,23,2007-06-10,31,165,2007-03-18,61,10,2,53,Lewis,152,UK
19,grassi,0.0,1984-08-11,0,,0,2010-11-14,,0,🇧🇷,di Grassi,br,DIG,0,9,,0,10,2010-03-14,0,1,0,0,Lucas,0,Brazil
19,garde,0.0,1985-04-25,0,,0,2013-11-24,,0,🇳🇱,van der Garde,nl,VDG,0,3,,0,16,2013-03-17,0,1,0,0,Giedo,0,Netherlands
19,bianchi,6.0,1934-11-10,2,,1,1968-11-03,,0,🇧🇪,Bianchi,be,BIA,4,11,,0,6,1959-05-10,0,7,0,0,Lucien,3,Belgium
19,stevens,0.0,1991-06-28,1,,0,2015-11-29,28,0,🇬🇧,Stevens,gb,STE,0,2,,0,16,2014-11-23,0,2,0,0,Will,0,UK
19,bira,8.0,1914-07-15,0,,0,1954-10-24,,0,🇹🇭,Bira,th,,8,9,,0,10,1950-05-13,0,5,0,0,Prince,3,Thailand
19,corrado_fabi,0.0,1961-04-12,6,,0,1984-07-22,,0,🇮🇹,Fabi,it,,2,10,,0,3,1983-03-13,0,2,0,0,Corrado,0,Italy
192,mansell,482.0,1953-08-08,4,1994-11-13,59,1995-05-14,,1,🇬🇧,Mansell,gb,,90,90,1985-10-06,0,98,1980-08-17,32,15,3,31,Nigel,82,UK
2,birger,0.0,1924-01-07,0,,0,1955-01-16,,0,🇦🇷,Birger,ar,,0,2,,0,0,1953-01-18,0,2,0,0,Pablo,0,Argentina
2,forini,0.0,1958-09-22,0,,0,1987-09-20,,0,🇨🇭,Forini,ch,,0,2,,0,0,1987-09-06,0,1,0,0,Franco,0,Switzerland
2,force,0.0,1916-06-15,0,,0,1960-05-30,,0,🇺🇸,Force,us,,0,1,,0,1,1951-05-30,0,2,0,0,Gene,0,USA
2,francia,0.0,1947-11-08,2,,0,1981-06-21,,0,🇮🇹,Francia,it,,0,0,,0,0,1977-09-11,0,2,0,0,Giorgio,0,Italy
2,krause,0.0,1907-03-30,0,,0,1953-08-02,,0,🇩🇪,Krause,de,,0,1,,0,1,1952-08-03,0,2,0,0,Rudolf,0,Germany
2,rees,0.0,1938-01-12,0,,0,1967-08-06,,0,🇬🇧,Rees,gb,,2,0,,0,2,1967-07-15,0,1,0,0,Alan,0,UK
2,mccoy,0.0,1921-02-19,0,,0,1954-05-31,,0,🇺🇸,McCoy,us,,1,0,,0,2,1953-05-30,0,2,0,0,Ernie,0,USA
2,seiffert,0.0,1937-10-18,2,,0,1963-09-08,,0,🇩🇪,Seiffert,de,,0,0,,0,0,1962-08-05,0,2,0,0,Günther,0,Germany
2,fushida,0.0,1946-03-10,2,,0,1975-07-19,,0,🇯🇵,Fushida,jp,,0,0,,0,0,1975-06-22,0,1,0,0,Hiroshi,0,Japan
2,schlesser,0.0,1948-09-12,1,,0,1988-09-11,,0,🇫🇷,Schlesser,fr,,0,0,,0,1,1983-04-17,0,2,0,0,Jean-Louis,0,France
2,flinterman,0.0,1919-10-02,0,,0,1952-08-17,,0,🇳🇱,Flinterman,nl,,1,1,,0,1,1952-08-17,0,1,0,0,Jan,0,Netherlands
2,kozarowitzky,0.0,1948-05-17,2,,0,1977-07-16,,0,🇫🇮,Kozarowitzky,fi,,0,0,,0,0,1977-06-19,0,1,0,0,Mikko,0,Finland
2,kelly,0.0,1913-03-13,0,,0,1951-07-14,,0,🇮🇪,Kelly,ie,,0,2,,0,0,1950-05-13,0,2,0,0,Joe,0,Ireland
2,legat,0.0,1898-11-01,0,,0,1953-06-21,,0,🇧🇪,Legat,be,,0,1,,0,1,1952-06-22,0,2,0,0,Arthur,0,Belgium
2,louveau,0.0,1910-01-25,0,,0,1951-05-27,,0,🇫🇷,Louveau,fr,,0,2,,0,0,1950-09-03,0,2,0,0,Henri,0,France
2,pirocchi,0.0,1933-03-26,1,,0,1961-09-10,,0,🇮🇹,Pirocchi,it,,0,0,,0,1,1961-08-06,0,1,0,0,Renato,0,Italy
2,niemann,0.0,1939-01-07,1,,0,1965-01-01,,0,🇿🇦,Niemann,za,,0,0,,0,1,1963-12-28,0,2,0,0,Brausch,0,South Africa
2,vic_wilson,0.0,1931-04-14,1,,0,1966-06-12,,0,🇬🇧,Wilson,gb,,0,1,,0,0,1960-09-04,0,2,0,0,Vic,0,UK
2,garrett,0.0,1922-04-24,0,,0,1958-05-30,,0,🇺🇸,Garrett,us,,0,1,,0,1,1956-05-30,0,2,0,0,Billy,0,USA
2,fitch,0.0,1917-08-04,0,,0,1955-09-11,,0,🇺🇸,Fitch,us,,1,1,,0,1,1953-09-13,0,2,0,0,John,0,USA
2,gary_brabham,0.0,1961-03-29,2,,0,1990-03-25,,0,🇦🇺,Brabham,au,,0,0,,0,0,1990-03-11,0,1,0,0,Gary,0,Australia
2,ball,2.0,1925-08-26,0,,0,1952-05-30,,0,🇺🇸,Ball,us,,1,1,,0,1,1951-05-30,0,2,0,0,Bobby,1,USA
2,miller,0.0,1902-07-19,0,,0,1952-05-30,,0,🇺🇸,Miller,us,,0,2,,0,0,1951-05-30,0,2,0,0,Chet,0,USA
2,walt_brown,0.0,1911-12-30,0,,0,1951-05-30,,0,🇺🇸,Brown,us,,0,1,,0,1,1950-05-30,0,2,0,0,Walt,0,USA
2,uria,0.0,1924-07-11,0,,0,1956-01-22,,0,🇺🇾,Uria,uy,,1,1,,0,1,1955-01-16,0,2,0,0,Alberto,0,Uruguay
2,ulmen,0.0,1906-01-25,0,,0,1952-08-03,,0,🇩🇪,Ulmen,de,,1,1,,0,1,1952-05-18,0,1,0,0,Toni,0,Germany
2,emery,0.0,1916-11-12,1,,0,1958-05-18,,0,🇬🇧,Emery,gb,,0,1,,0,0,1956-07-14,0,2,0,0,Paul,0,UK
2,georges_berger,0.0,1918-09-14,0,,0,1954-07-04,,0,🇧🇪,Berger,be,,0,2,,0,0,1953-06-21,0,2,0,0,Georges,0,Belgium
2,rahal,0.0,1953-01-10,0,,0,1978-10-08,,0,🇺🇸,Rahal,us,,0,1,,0,1,1978-10-01,0,1,0,0,Bobby,0,USA
2,fisher,0.0,1943-03-13,0,,0,1967-10-22,,0,🇺🇸,Fisher,us,,0,1,,0,1,1967-08-27,0,1,0,0,Mike,0,USA
2,larrousse,0.0,1940-05-23,1,,0,1974-07-07,,0,🇫🇷,Larrousse,fr,,0,1,,0,0,1974-05-12,0,1,0,0,Gérard,0,France
2,prophet,0.0,1937-10-09,0,,0,1965-01-01,,0,🇬🇧,Prophet,gb,,0,1,,0,1,1963-12-28,0,2,0,0,David,0,UK
2,james,0.0,1925-05-23,0,,0,1952-05-30,,0,🇺🇸,James,us,,0,1,,0,1,1951-05-30,0,2,0,0,Joe,0,USA
2,jackson,0.0,1910-07-25,0,,0,1954-05-31,,0,🇺🇸,Jackson,us,,0,1,,0,1,1950-05-30,0,2,0,0,Jimmy,0,USA
2,gibson,0.0,1918-04-16,0,,0,1958-08-03,,0,🇬🇧,Gibson,gb,,0,2,,0,0,1957-08-04,0,2,0,0,Dick,0,UK
2,driver,0.0,1934-03-13,1,,0,1974-03-30,,0,🇿🇦,Driver,za,,0,1,,0,0,1963-12-28,0,2,0,0,Paddy,0,South Africa
2,larson,0.0,1923-01-21,0,,0,1959-05-30,,0,🇺🇸,Larson,us,,1,1,,0,1,1958-05-30,0,2,0,0,Jud,0,USA
2,posey,0.0,1944-05-26,0,,0,1972-10-08,,0,🇺🇸,Posey,us,,0,1,,0,1,1971-10-03,0,2,0,0,Sam,0,USA
2,downing,0.0,1917-12-05,0,,0,1952-08-17,,0,🇬🇧,Downing,gb,,1,1,,0,1,1952-07-19,0,1,0,0,Ken,0,UK
2,wallard,9.0,1910-09-07,0,1951-05-30,1,1951-05-30,,0,🇺🇸,Wallard,us,,2,0,1951-05-30,0,2,1950-05-30,0,2,0,1,Lee,1,USA
2,rooyen,0.0,1939-04-19,0,,0,1969-03-01,,0,🇿🇦,van Rooyen,za,,0,2,,0,0,1968-01-01,0,2,0,0,Basil,0,South Africa
2,abate,0.0,1932-07-10,2,,0,1963-09-08,,0,🇮🇹,Abate,it,,0,0,,0,0,1962-07-08,0,2,0,0,Carlo,0,Italy
2,abecassis,0.0,1913-03-21,0,,0,1952-05-18,,0,🇬🇧,Abecassis,gb,,0,2,,0,0,1951-05-27,0,2,0,0,George,0,UK
2,poore,3.0,1916-08-19,0,,0,1952-09-07,,0,🇬🇧,Poore,gb,,1,0,,0,2,1952-07-19,0,1,0,0,Dennis,1,UK
2,natili,0.0,1935-07-28,1,,0,1961-09-10,,0,🇮🇹,Natili,it,,0,1,,0,0,1961-07-15,0,1,0,0,Massimo,0,Italy
2,dempsey_wilson,0.0,1927-03-11,0,,0,1960-05-30,,0,🇺🇸,Wilson,us,,0,1,,0,1,1958-05-30,0,2,0,0,Dempsey,0,USA
2,tomaso,0.0,1928-07-10,0,,0,1959-12-12,,0,🇦🇷,de Tomaso,ar,,1,1,,0,1,1957-01-13,0,2,0,0,Alessandro,0,Argentina
2,starrabba,0.0,1932-12-03,1,,0,1963-09-08,,0,🇮🇹,Starrabba,it,,0,1,,0,0,1961-09-10,0,2,0,0,Gaetano,0,Italy
2,kuhnke,0.0,1910-04-30,2,,0,1963-08-04,,0,🇩🇪,Kuhnke,de,,0,0,,0,0,1962-09-16,0,2,0,0,Kurt,0,Germany
2,jo_schlesser,0.0,1928-05-18,0,,0,1968-07-07,,0,🇫🇷,Schlesser,fr,,0,2,,0,0,1967-08-06,0,2,0,0,Jo,0,France
2,ahrens,0.0,1940-04-19,0,,0,1968-08-04,,0,🇩🇪,Ahrens,de,,0,1,,0,1,1967-08-06,0,2,0,0,Kurt,0,Germany
2,needell,0.0,1951-10-29,1,,0,1980-05-18,,0,🇬🇧,Needell,gb,,0,1,,0,0,1980-05-04,0,1,0,0,Tiff,0,UK
2,grim,0.0,1924-09-04,0,,0,1960-05-30,,0,🇺🇸,Grim,us,,0,1,,0,1,1959-05-30,0,2,0,0,Bobby,0,USA
2,daponte,0.0,1923-06-05,0,,0,1954-09-05,,0,🇦🇷,Daponte,ar,,0,1,,0,1,1954-01-17,0,1,0,0,Jorge,0,Argentina
2,bechem,0.0,1921-12-21,0,,0,1953-08-02,,0,🇩🇪,Bechem,de,,0,2,,0,0,1952-08-03,0,2,0,0,Günther,0,Germany
2,martin,0.0,1915-03-24,0,,0,1950-06-04,,0,🇫🇷,Martin,fr,,0,2,,0,0,1950-05-13,0,1,0,0,Eugène,0,France
2,nuckey,0.0,1929-06-26,0,,0,1954-07-17,,0,🇬🇧,Nuckey,gb,,0,1,,0,1,1953-08-02,0,2,0,0,Rodney,0,UK
2,prinoth,0.0,1923-04-15,2,,0,1962-09-16,,0,🇮🇹,Prinoth,it,,0,0,,0,0,1961-09-10,0,2,0,0,Ernesto,0,Italy
2,blokdyk,0.0,1935-11-30,1,,0,1965-01-01,,0,🇿🇦,Blokdyk,za,,0,0,,0,1,1963-12-28,0,2,0,0,Trevor,0,South Africa
2,lang,2.0,1909-04-06,0,,0,1954-08-01,,0,🇩🇪,Lang,de,,1,1,,0,1,1953-08-23,0,2,0,0,Hermann,1,Germany
2,mike_taylor,0.0,1934-04-24,0,,0,1960-06-19,,0,🇬🇧,Taylor,gb,,0,2,,0,0,1959-07-18,0,2,0,0,Mike,0,UK
2,ruby,0.0,1928-01-12,0,,0,1961-10-08,,0,🇺🇸,Ruby,us,,1,1,,0,1,1960-05-30,0,2,0,0,Lloyd,0,USA
2,klodwig,0.0,1903-05-23,0,,0,1953-08-02,,0,🇩🇪,Klodwig,de,,0,0,,0,2,1952-08-03,0,2,0,0,Ernst,0,Germany
2,amick,0.0,1929-01-19,0,,0,1960-05-30,,0,🇺🇸,Amick,us,,0,1,,0,1,1959-05-30,0,2,0,0,Red,0,USA
2,crossley,0.0,1921-05-11,0,,0,1950-06-18,,0,🇬🇧,Crossley,gb,,1,1,,0,1,1950-05-13,0,1,0,0,Geoff,0,UK
2,crook,0.0,1920-02-16,0,,0,1953-07-18,,0,🇬🇧,Crook,gb,,0,1,,0,1,1952-07-19,0,2,0,0,Tony,0,UK
2,hampshire,0.0,1917-12-29,0,,0,1950-07-02,,0,🇬🇧,Hampshire,gb,,1,1,,0,1,1950-05-13,0,1,0,0,David,0,UK
2,marr,0.0,1922-08-14,0,,0,1955-07-16,,0,🇬🇧,Marr,gb,,0,1,,0,1,1954-07-17,0,2,0,0,Leslie,0,UK
2,thiele,0.0,1922-05-05,1,,0,1961-09-10,,0,🇺🇸,Thiele,us,,0,1,,0,0,1960-09-04,0,2,0,0,Alfonso,0,USA
2,lagorce,0.0,1968-09-01,0,,0,1994-11-13,,0,🇫🇷,Lagorce,fr,,0,1,,0,1,1994-11-06,0,1,0,0,Franck,0,France
2,crawford,0.0,1948-02-13,0,,0,1975-09-07,,0,🇬🇧,Crawford,gb,,0,1,,0,1,1975-07-19,0,1,0,0,Jim,0,UK
2,wietzes,0.0,1938-05-28,0,,0,1974-09-22,,0,🇨🇦,Wietzes,ca,,0,2,,0,0,1967-08-27,0,2,0,0,Eppie,0,Canada
2,craft,0.0,1939-11-17,1,,0,1971-10-03,,0,🇬🇧,Craft,gb,,0,1,,0,0,1971-09-19,0,1,0,0,Chris,0,UK
2,nicholson,0.0,1941-10-06,1,,0,1975-07-19,,0,🇳🇿,Nicholson,nz,,0,0,,0,1,1974-07-20,0,2,0,0,John,0,New Zealand
2,andrews,0.0,1920-06-15,0,,0,1956-05-30,,0,🇺🇸,Andrews,us,,0,2,,0,0,1955-05-30,0,2,0,0,Keith,0,USA
2,hattori,0.0,1966-06-13,2,,0,1991-11-03,,0,🇯🇵,Hattori,jp,,0,0,,0,0,1991-10-20,0,1,0,0,Naoki,0,Japan
2,comotti,0.0,1906-07-24,0,,0,1952-07-06,,0,🇮🇹,Comotti,it,,0,1,,0,1,1950-09-03,0,2,0,0,Franco,0,Italy
2,scarborough,0.0,1914-07-03,0,,0,1953-05-30,,0,🇺🇸,Scarborough,us,,0,1,,0,1,1951-05-30,0,2,0,0,Carl,0,USA
2,heeks,0.0,1922-02-13,0,,0,1953-08-02,,0,🇩🇪,Heeks,de,,0,2,,0,0,1952-08-03,0,2,0,0,Willi,0,Germany
2,cogan,0.0,1956-03-31,2,,0,1981-03-15,,0,🇺🇸,Cogan,us,,0,0,,0,0,1980-09-28,0,2,0,0,Kevin,0,USA
2,shawe_taylor,0.0,1915-01-28,0,,0,1951-07-14,,0,🇬🇧,Shawe Taylor,gb,,2,0,,0,2,1950-05-13,0,2,0,0,Brian,0,UK
2,hellings,0.0,1915-09-14,0,,0,1951-05-30,,0,🇺🇸,Hellings,us,,0,1,,0,1,1950-05-30,0,2,0,0,Mack,0,USA
2,testut,0.0,1926-04-13,2,,0,1959-05-10,,0,🇲🇨,Testut,mc,,0,0,,0,0,1958-05-18,0,2,0,0,André,0,Monaco
2,lawrence,0.0,1933-07-27,0,,0,1966-08-07,,0,🇬🇧,Lawrence,gb,,0,1,,0,1,1966-07-16,0,1,0,0,Chris,0,UK
2,penske,0.0,1937-02-20,0,,0,1962-10-07,,0,🇺🇸,Penske,us,,2,0,,0,2,1961-10-08,0,2,0,0,Roger,0,USA
2,green,3.0,1919-09-30,0,,0,1951-05-30,,0,🇺🇸,Green,us,,1,1,,0,1,1950-05-30,0,2,0,0,Cecil,1,USA
2,rose,4.0,1906-05-26,0,,1,1951-05-30,,0,🇺🇸,Rose,us,,1,1,,0,1,1950-05-30,0,2,0,0,Mauri,1,USA
2,mcwithey,0.0,1927-07-04,0,,0,1960-05-30,,0,🇺🇸,McWithey,us,,0,0,,0,2,1959-05-30,0,2,0,0,Jim,0,USA
2,pease,0.0,1921-10-15,0,,0,1969-09-20,,0,🇨🇦,Pease,ca,,0,2,,0,0,1967-08-27,0,2,0,0,Al,0,Canada
2,schiller,0.0,1930-01-25,1,,0,1962-08-05,,0,🇨🇭,Schiller,ch,,0,1,,0,0,1962-06-17,0,1,0,0,Heinz,0,Switzerland
2,magee,0.0,1945-11-17,1,,0,1976-07-04,,0,🇬🇧,Magee,gb,,0,0,,0,1,1975-06-08,0,2,0,0,Damien,0,UK
2,terra,0.0,1918-10-06,0,,0,1953-08-23,,0,🇨🇭,de Terra,ch,,1,1,,0,1,1952-05-18,0,2,0,0,Max,0,Switzerland
2,holland,6.0,1907-12-18,0,,1,1953-05-30,,0,🇺🇸,Holland,us,,1,0,,0,2,1950-05-30,0,2,0,0,Bill,1,USA
2,holmes,0.0,1920-09-04,0,,0,1953-05-30,,0,🇺🇸,Holmes,us,,0,1,,0,1,1950-05-30,0,2,0,0,Jackie,0,USA
2,williamson,0.0,1948-02-02,0,,0,1973-07-29,,0,🇬🇧,Williamson,gb,,0,2,,0,0,1973-07-14,0,1,0,0,Roger,0,UK
2,hoshino,0.0,1947-07-01,0,,0,1977-10-23,,0,🇯🇵,Hoshino,jp,,0,1,,0,1,1976-10-24,0,2,0,0,Kazuyoshi,0,Japan
2,palm,0.0,1947-07-23,1,,0,1975-06-08,,0,🇸🇪,Palm,se,,1,0,,0,1,1975-05-11,0,1,0,0,Torsten,0,Sweden
2,branson,3.0,1920-06-02,0,,0,1960-05-30,,0,🇺🇸,Branson,us,,1,1,,0,1,1959-05-30,0,2,0,0,Don,1,USA
2,takahara,0.0,1951-06-06,0,,0,1977-10-23,,0,🇯🇵,Takahara,jp,,1,1,,0,1,1976-10-24,0,2,0,0,Noritake,0,Japan
2,toshio_suzuki,0.0,1955-03-10,0,,0,1993-11-07,,0,🇯🇵,Suzuki,jp,,0,0,,0,2,1993-10-24,0,1,0,0,Toshio,0,Japan
2,laurent,0.0,1913-02-21,0,,0,1952-08-03,,0,🇧🇪,Laurent,be,,1,0,,0,2,1952-06-22,0,1,0,0,Roger,0,Belgium
20,ambrosio,0.0,1985-12-27,0,,0,2012-09-09,,0,🇧🇪,d'Ambrosio,be,DAM,0,3,,0,17,2011-03-27,0,2,0,0,Jérôme,0,Belgium
20,ribeiro,0.0,1948-11-07,10,,0,1979-10-07,,0,🇧🇷,Ribeiro,br,,2,4,,0,6,1976-10-10,0,3,0,0,Alex,0,Brazil
20,bailey,1.0,1961-10-09,13,,0,1991-05-12,,0,🇬🇧,Bailey,gb,,2,2,,0,5,1988-04-03,0,2,0,0,Julian,1,UK
20,ian_scheckter,0.0,1947-08-22,2,,0,1977-10-09,,0,🇿🇦,Scheckter,za,,1,14,,0,4,1974-03-30,0,4,0,0,Ian,0,South Africa
20,baumgartner,1.0,1981-01-01,0,,0,2004-10-24,,0,🇭🇺,Baumgartner,hu,,3,8,,0,12,2003-08-24,0,2,0,0,Zsolt,1,Hungary
20,barbazza,2.0,1963-04-02,12,,0,1993-07-04,,0,🇮🇹,Barbazza,it,,2,5,,0,3,1991-04-28,0,2,0,0,Fabrizio,2,Italy
20,pizzonia,8.0,1980-09-11,0,,0,2005-10-16,,0,🇧🇷,Pizzonia,br,PIZ,8,9,,0,11,2003-03-09,0,3,0,0,Antônio,4,Brazil
20,hesnault,0.0,1956-12-30,1,,0,1985-08-04,,0,🇫🇷,Hesnault,fr,,5,14,,0,5,1984-03-25,0,2,0,0,François,0,France
20,herrmann,10.0,1928-02-23,3,,1,1961-08-06,,0,🇩🇪,Herrmann,de,,7,8,,0,9,1953-08-02,0,8,0,0,Hans,5,Germany
202,alesi,241.0,1964-06-11,0,1995-06-11,32,2001-10-14,,0,🇫🇷,Alesi,fr,,106,83,1995-06-11,0,119,1989-07-09,2,13,0,1,Jean,70,France
202,prost,798.5,1955-02-24,1,1993-07-25,106,1993-11-07,,4,🇫🇷,Prost,fr,,138,58,1981-07-05,0,143,1980-01-13,33,13,4,51,Alain,128,France
206,rosberg,1594.5,1985-06-27,0,2016-10-09,57,2016-11-27,6,1,🇩🇪,Rosberg,de,ROS,144,29,2012-04-15,20,177,2006-03-12,30,11,2,23,Nico,133,Germany
207,piquet,485.5,1952-08-17,3,1991-06-02,60,1991-11-03,,3,🇧🇷,Piquet,br,,115,82,1980-03-30,0,122,1978-07-30,24,14,1,23,Nelson,100,Brazil
21,campos,0.0,1960-06-17,4,,0,1988-06-12,,0,🇪🇸,Campos,es,,0,15,,0,2,1987-04-12,0,2,0,0,Adrián,0,Spain
21,yamamoto,0.0,1982-07-09,0,,0,2010-10-24,,0,🇯🇵,Yamamoto,jp,YAM,0,7,,0,14,2006-07-30,0,3,0,0,Sakon,0,Japan
21,jolyon_palmer,1.0,1991-01-20,0,,0,2016-11-27,30,0,🇬🇧,Palmer,gb,PAL,1,6,,0,15,2016-03-20,0,1,0,0,Jolyon,1,UK
21,larrauri,0.0,1954-08-19,13,,0,1989-11-05,,0,🇦🇷,Larrauri,ar,,0,6,,0,2,1988-04-03,0,2,0,0,Oscar,0,Argentina
21,wehrlein,1.0,1994-10-18,0,,0,2016-11-27,94,0,🇩🇪,Wehrlein,de,WEH,1,5,,0,16,2016-03-20,0,1,0,0,Pascal,1,Germany
21,mazzacane,0.0,1975-05-08,0,,0,2001-04-15,,0,🇦🇷,Mazzacane,ar,,3,8,,0,13,2000-03-12,0,2,0,0,Gastón,0,Argentina
210,berger,385.0,1959-08-27,0,1997-07-27,48,1997-10-26,,0,🇦🇹,Berger,at,,112,86,1986-10-12,0,124,1984-08-19,12,14,0,10,Gerhard,94,Austria
214,cesaris,59.0,1959-05-31,6,,5,1994-10-16,,0,🇮🇹,de Cesaris,it,,52,137,,0,71,1980-09-28,1,15,0,0,Andrea,22,Italy
215,alboreto,186.5,1956-12-23,21,1985-08-04,23,1994-11-13,,0,🇮🇹,Alboreto,it,,74,92,1982-09-25,0,102,1981-05-03,2,14,1,5,Michele,47,Italy
217,webber,1047.5,1976-08-27,0,2012-07-08,42,2013-11-24,,0,🇦🇺,Webber,au,WEB,132,57,2009-07-12,18,160,2002-03-03,13,12,0,9,Mark,112,Australia
22,foitek,0.0,1965-03-27,15,,0,1990-08-12,,0,🇨🇭,Foitek,ch,,1,5,,0,2,1989-03-26,0,2,0,0,Gregor,0,Switzerland
22,bellof,4.0,1957-11-20,2,,0,1985-08-25,,0,🇩🇪,Bellof,de,,4,13,,0,7,1984-03-25,0,2,0,0,Stefan,2,Germany
23,wisell,13.0,1941-09-30,0,,1,1974-06-09,,0,🇸🇪,Wisell,se,,7,15,,0,8,1970-10-04,0,5,0,0,Reine,5,Sweden
23,cecotto,1.0,1956-01-25,5,,0,1984-07-22,,0,🇻🇪,Cecotto,ve,,3,11,,0,7,1983-03-13,0,2,0,0,Johnny,1,Venezuela
23,graffenried,9.0,1914-05-18,1,,0,1956-09-02,,0,🇨🇭,de Graffenried,ch,,11,10,,0,12,1950-05-13,0,6,0,0,Toulo,4,Switzerland
231,fisichella,275.0,1973-01-14,1,2006-03-19,19,2009-11-01,,0,🇮🇹,Fisichella,it,FIS,112,68,2003-04-06,1,162,1996-03-10,4,14,0,3,Giancarlo,73,Italy
24,davidson,0.0,1979-04-18,0,,0,2008-04-27,,0,🇬🇧,Davidson,gb,DAV,0,10,,0,14,2002-08-18,0,4,0,0,Anthony,0,UK
247,coulthard,535.0,1971-03-27,0,2003-03-09,62,2008-11-02,,0,🇬🇧,Coulthard,gb,COU,146,78,1995-09-24,0,169,1994-05-29,12,15,1,13,David,121,UK
25,magnussen,1.0,1973-07-04,0,,0,1998-06-07,,0,🇩🇰,Magnussen,dk,MAG,6,16,,0,9,1995-10-22,0,3,0,0,Jan,1,Denmark
25,claes,0.0,1916-08-11,2,,0,1955-06-19,,0,🇧🇪,Claes,be,,6,10,,0,13,1950-05-13,0,5,0,0,Johnny,0,Belgium
252,massa,1124.0,1981-04-25,1,2008-11-02,41,2016-11-27,19,0,🇧🇷,Massa,br,MAS,174,39,2006-08-27,15,212,2002-03-03,16,14,1,11,Felipe,152,Brazil
253,raikkonen,1360.0,1979-10-17,0,2013-03-17,84,2016-11-27,7,1,🇫🇮,Räikkönen,fi,RAI,183,55,2003-03-23,39,198,2001-03-04,16,14,2,20,Kimi,171,Finland
256,trulli,246.5,1974-07-13,0,2004-05-23,11,2011-11-27,,0,🇮🇹,Trulli,it,TRU,106,86,2004-05-23,1,170,1997-03-09,4,15,0,1,Jarno,72,Italy
257,patrese,281.0,1957-04-17,0,1992-10-25,37,1993-11-07,,0,🇮🇹,Patrese,it,,108,131,1982-05-23,0,126,1977-05-22,8,17,1,6,Riccardo,73,Italy
26,marques,0.0,1976-01-19,2,,0,2001-09-02,,0,🇧🇷,Marques,br,,3,14,,0,10,1996-03-31,0,3,0,0,Tarso,0,Brazil
26,anderson,8.0,1931-05-19,1,,1,1967-07-15,,0,🇬🇧,Anderson,gb,,11,10,,0,15,1963-07-20,0,5,0,0,Bob,4,UK
26,burgess,0.0,1936-06-06,10,,0,1963-09-08,,0,🇬🇧,Burgess,gb,,3,7,,0,9,1958-07-19,0,6,0,0,Ian,0,UK
26,musso,45.0,1924-07-28,0,1956-01-22,7,1958-07-06,,0,🇮🇹,Musso,it,,14,12,1956-01-22,0,14,1953-09-13,0,6,0,1,Luigi,9,Italy
26,baghetti,14.0,1934-12-25,5,1961-07-02,1,1967-09-10,,0,🇮🇹,Baghetti,it,,8,11,1961-07-02,0,10,1961-07-02,0,7,0,1,Giancarlo,3,Italy
27,bourdais,6.0,1979-02-28,0,,0,2009-07-12,,0,🇫🇷,Bourdais,fr,BOU,7,7,,0,20,2008-03-16,0,2,0,0,Sébastien,4,France
27,belmondo,0.0,1963-04-23,19,,0,1994-11-13,,0,🇫🇷,Belmondo,fr,,1,3,,0,5,1992-03-01,0,2,0,0,Paul,0,France
27,maggs,26.0,1937-02-09,2,,3,1965-01-01,,0,🇿🇦,Maggs,za,,15,7,,0,18,1961-07-15,0,5,0,0,Tony,9,South Africa
274,alonso,1832.0,1981-07-29,0,2013-05-12,97,2016-11-27,14,2,🇪🇸,Alonso,es,ALO,195,46,2003-08-24,21,228,2001-03-04,22,15,3,32,Fernando,188,Spain
28,trips,56.0,1928-05-04,1,1961-07-15,6,1961-09-10,,0,🇩🇪,von Trips,de,,18,8,1961-05-22,0,19,1956-09-02,1,6,1,2,Wolfgang,14,Germany
28,montermini,0.0,1964-05-30,1,,0,1996-07-14,,0,🇮🇹,Montermini,it,,3,23,,0,4,1994-05-29,0,3,0,0,Andrea,0,Italy
28,matta,13.0,1973-09-19,0,,0,2004-07-25,,0,🇧🇷,da Matta,br,,11,8,,0,20,2003-03-09,0,2,0,0,Cristiano,5,Brazil
28,piquet_jr,19.0,1985-07-25,0,,1,2009-07-26,,0,🇧🇷,Piquet Jr.,br,PIQ,7,11,,0,17,2008-03-16,0,2,0,0,Nelson,5,Brazil
28,rothengatter,0.0,1954-10-08,2,,0,1986-10-26,,0,🇳🇱,Rothengatter,nl,,5,20,,0,6,1984-06-17,0,3,0,0,Huub,0,Netherlands
28,speed,0.0,1983-01-24,0,,0,2007-07-22,,0,🇺🇸,Speed,us,SPE,4,11,,0,17,2006-03-12,0,2,0,0,Scott,0,USA
29,bernoldi,0.0,1978-10-19,1,,0,2002-07-28,,0,🇧🇷,Bernoldi,br,,3,19,,0,9,2001-03-04,0,2,0,0,Enrique,0,Brazil
29,manzon,16.0,1917-04-12,1,,2,1956-09-02,,0,🇫🇷,Manzon,fr,,10,17,,0,11,1950-05-21,0,7,0,0,Robert,5,France
29,courage,20.0,1942-05-27,1,,2,1970-06-21,,0,🇬🇧,Courage,gb,,9,19,,0,9,1967-01-02,0,4,0,0,Piers,6,UK
29,beuttler,0.0,1940-04-13,1,,0,1973-10-07,,0,🇬🇧,Beuttler,gb,,6,15,,0,13,1971-07-17,0,3,0,0,Mike,0,UK
29,guerrero,0.0,1958-11-16,7,,0,1983-09-25,,0,🇨🇴,Guerrero,co,,1,17,,0,5,1982-01-23,0,2,0,0,Roberto,0,Colombia
29,poele,0.0,1961-09-30,24,,0,1992-09-13,,0,🇧🇪,van de Poele,be,,2,2,,0,3,1991-03-10,0,2,0,0,Eric,0,Belgium
29,trevor_taylor,8.0,1936-12-26,2,,1,1966-07-16,,0,🇬🇧,Taylor,gb,,9,15,,0,12,1959-07-18,0,6,0,0,Trevor,3,UK
29,ertl,0.0,1948-08-31,10,,0,1980-08-10,,0,🇦🇹,Ertl,at,,6,8,,0,11,1975-08-03,0,5,0,0,Harald,0,Austria
29,gonzalez,77.64,1922-10-05,0,1954-07-17,15,1960-02-07,,0,🇦🇷,González,ar,,19,10,1951-07-14,0,19,1950-05-21,3,9,1,2,José Froilán,19,Argentina
3,mcdowell,0.0,1915-01-29,0,,0,1952-05-30,,0,🇺🇸,McDowell,us,,0,1,,0,2,1950-05-30,0,3,0,0,Johnny,0,USA
3,nalon,0.0,1913-03-02,0,,0,1953-05-30,,0,🇺🇸,Nalon,us,,0,2,,0,1,1951-05-30,1,3,0,0,Duke,0,USA
3,koinigg,0.0,1948-11-03,1,,0,1974-10-06,,0,🇦🇹,Koinigg,at,,1,1,,0,1,1974-08-18,0,1,0,0,Helmuth,0,Austria
3,nazaruk,8.0,1921-10-02,0,,1,1954-05-31,,0,🇺🇸,Nazaruk,us,,2,1,,0,2,1951-05-30,0,3,0,0,Mike,2,USA
3,lederle,1.0,1938-09-25,2,,0,1965-01-01,,0,🇿🇦,Lederle,za,,1,0,,0,1,1962-12-29,0,3,0,0,Neville,1,South Africa
3,niday,0.0,1914-04-29,0,,0,1955-05-30,,0,🇺🇸,Niday,us,,1,2,,0,1,1953-05-30,0,3,0,0,Cal,0,USA
3,noda,0.0,1969-03-07,0,,0,1994-11-13,,0,🇯🇵,Noda,jp,,0,3,,0,0,1994-10-16,0,1,0,0,Hideki,0,Japan
3,keizan,0.0,1944-09-12,0,,0,1975-03-01,,0,🇿🇦,Keizan,za,,0,1,,0,2,1973-03-03,0,3,0,0,Eddie,0,South Africa
3,orey,0.0,1938-03-25,0,,0,1959-12-12,,0,🇧🇷,d'Orey,br,,1,2,,0,1,1959-07-05,0,1,0,0,Fritz,0,Brazil
3,homeier,1.0,1918-08-31,0,,0,1960-05-30,,0,🇺🇸,Homeier,us,,1,1,,0,2,1954-05-31,0,3,0,0,Bill,1,USA
3,helfrich,0.0,1913-05-13,0,,0,1954-08-01,,0,🇩🇪,Helfrich,de,,0,2,,0,1,1952-08-03,0,3,0,0,Theo,0,Germany
3,leston,0.0,1920-12-16,1,,0,1957-07-20,,0,🇬🇧,Leston,gb,,0,2,,0,0,1956-09-02,0,2,0,0,Les,0,UK
3,hawkins,0.0,1937-10-12,0,,0,1965-08-01,,0,🇦🇺,Hawkins,au,,2,1,,0,2,1965-01-01,0,1,0,0,Paul,0,Australia
3,harrison,0.0,1906-07-06,0,,0,1950-09-03,,0,🇬🇧,Harrison,gb,,1,2,,0,1,1950-05-13,0,1,0,0,Cuth,0,UK
3,pieterse,0.0,1938-07-04,1,,0,1965-01-01,,0,🇿🇦,Pieterse,za,,1,1,,0,1,1962-12-29,0,3,0,0,Ernie,0,South Africa
3,pietsch,0.0,1911-06-20,0,,0,1952-08-03,,0,🇩🇪,Pietsch,de,,0,3,,0,0,1950-09-03,0,3,0,0,Paul,0,Germany
3,hahne,0.0,1935-03-28,1,,0,1970-08-02,,0,🇩🇪,Hahne,de,,1,1,,0,1,1967-08-06,0,3,0,0,Hubert,0,Germany
3,volonterio,0.0,1917-12-07,0,,0,1957-09-08,,0,🇨🇭,Volonterio,ch,,0,2,,0,1,1954-10-24,0,3,0,0,Ottorino,0,Switzerland
3,villeneuve_sr,0.0,1953-11-04,3,,0,1983-06-12,,0,🇨🇦,Villeneuve Sr.,ca,,0,0,,0,0,1981-09-27,0,2,0,0,Jacques,0,Canada
3,guy_mairesse,0.0,1910-08-10,0,,0,1951-07-01,,0,🇫🇷,Mairesse,fr,,1,1,,0,2,1950-09-03,0,2,0,0,Guy,0,France
3,wacker,0.0,1918-07-10,0,,0,1954-09-05,,0,🇺🇸,Wacker,us,,2,1,,0,2,1953-06-21,0,2,0,0,Fred,0,USA
3,george_connor,0.0,1906-08-16,0,,0,1952-05-30,,0,🇺🇸,Connor,us,,2,1,,0,2,1950-05-30,0,3,0,0,George,0,USA
3,piper,0.0,1930-12-02,0,,0,1960-07-16,,0,🇬🇧,Piper,gb,,0,2,,0,1,1959-07-18,0,2,0,0,David,0,UK
3,griffith,0.0,1916-02-06,0,,0,1956-05-30,,0,🇺🇸,Griffith,us,,2,1,,0,2,1951-05-30,0,3,0,0,Cliff,0,USA
3,lippi,0.0,1926-10-17,2,,0,1963-09-08,,0,🇮🇹,Lippi,it,,0,1,,0,0,1961-09-10,0,3,0,0,Roberto,0,Italy
3,goldsmith,6.0,1927-10-02,0,,1,1960-05-30,,0,🇺🇸,Goldsmith,us,,2,1,,0,2,1958-05-30,0,3,0,0,Paul,2,USA
3,foyt,0.0,1935-01-16,0,,0,1960-05-30,,0,🇺🇸,Foyt,us,,1,1,,0,2,1958-05-30,0,3,0,0,Anthony,0,USA
3,fonder,0.0,1917-06-22,0,,0,1954-05-31,,0,🇺🇸,Fonder,us,,0,1,,0,2,1952-05-30,0,2,0,0,George,0,USA
3,enge,0.0,1976-09-11,0,,0,2001-10-14,,0,🇨🇿,Enge,cz,,0,1,,0,2,2001-09-16,0,1,0,0,Tomáš,0,Czech Republic
3,rolt,0.0,1918-10-16,0,,0,1955-07-16,,0,🇬🇧,Rolt,gb,,0,3,,0,0,1950-05-13,0,3,0,0,Tony,0,UK
3,geki,0.0,1937-10-23,1,,0,1966-09-04,,0,🇮🇹,Russo,it,,1,1,,0,1,1964-09-06,0,3,0,0,Giacomo,0,Italy
3,ratzenberger,0.0,1960-07-04,1,,0,1994-05-01,,0,🇦🇹,Ratzenberger,at,,0,1,,0,1,1994-03-27,0,1,0,0,Roland,0,Austria
3,davis,0.0,1933-07-29,1,,0,1962-07-08,,0,🇬🇧,Davis,gb,,0,1,,0,1,1959-07-05,0,2,0,0,Colin,0,UK
3,galica,0.0,1944-08-13,3,,0,1978-01-29,,0,🇬🇧,Galica,gb,,0,0,,0,0,1976-07-18,0,2,0,0,Divina,0,UK
3,colombo,0.0,1946-02-23,3,,0,1978-09-10,,0,🇮🇹,Colombo,it,,0,0,,0,0,1978-05-21,0,1,0,0,Alberto,0,Italy
3,cheesbourg,0.0,1927-06-12,0,,0,1959-05-30,,0,🇺🇸,Cheesbourg,us,,1,2,,0,1,1957-05-30,0,3,0,0,Bill,0,USA
3,ray_crawford,0.0,1915-10-26,0,,0,1959-05-30,,0,🇺🇸,Crawford,us,,0,3,,0,0,1955-05-30,0,3,0,0,Ray,0,USA
3,magill,0.0,1920-02-08,0,,0,1959-05-30,,0,🇺🇸,Magill,us,,0,3,,0,0,1957-05-30,0,3,0,0,Mike,0,USA
3,chaboud,1.0,1907-04-12,0,,0,1951-07-01,,0,🇫🇷,Chaboud,fr,,2,1,,0,2,1950-06-18,0,2,0,0,Eugène,1,France
3,carini,0.0,1921-03-06,0,,0,1953-09-13,,0,🇮🇹,Carini,it,,0,3,,0,0,1952-07-06,0,2,0,0,Piero,0,Italy
3,schindler,0.0,1909-03-06,0,,0,1952-05-30,,0,🇺🇸,Schindler,us,,0,2,,0,1,1950-05-30,0,3,0,0,Bill,0,USA
3,cantoni,0.0,1906-10-04,0,,0,1952-09-07,,0,🇺🇾,Cantoni,uy,,0,2,,0,1,1952-07-19,0,1,0,0,Eitel,0,Uruguay
3,serrurier,0.0,1920-12-09,1,,0,1965-01-01,,0,🇿🇦,Serrurier,za,,0,1,,0,1,1962-12-29,0,3,0,0,Doug,0,South Africa
3,brancatelli,0.0,1950-01-18,3,,0,1979-05-27,,0,🇮🇹,Brancatelli,it,,0,0,,0,0,1979-04-29,0,1,0,0,Gianfranco,0,Italy
3,branca,0.0,1916-09-15,0,,0,1951-07-29,,0,🇨🇭,Branca,ch,,1,1,,0,2,1950-06-04,0,2,0,0,Toni,0,Switzerland
3,brack,0.0,1935-12-26,0,,0,1972-09-24,,0,🇨🇦,Brack,ca,,0,3,,0,0,1968-09-22,0,3,0,0,Bill,0,Canada
3,dolhem,0.0,1944-04-26,2,,0,1974-10-06,,0,🇫🇷,Dolhem,fr,,0,1,,0,0,1974-07-07,0,1,0,0,José,0,France
3,shelly,0.0,1937-02-02,2,,0,1962-09-16,,0,🇳🇿,Shelly,nz,,0,1,,0,0,1962-07-21,0,1,0,0,Tony,0,New Zealand
3,deletraz,0.0,1963-10-01,0,,0,1995-10-01,,0,🇨🇭,Délétraz,ch,,0,2,,0,1,1994-11-13,0,2,0,0,Jean-Denis,0,Switzerland
3,stuppacher,0.0,1947-03-03,3,,0,1976-10-10,,0,🇦🇹,Stuppacher,at,,0,0,,0,0,1976-09-12,0,1,0,0,Otto,0,Austria
3,sutton,0.0,1925-08-09,0,,0,1960-05-30,,0,🇺🇸,Sutton,us,,0,2,,0,1,1958-05-30,0,3,0,0,Len,0,USA
3,banks,0.0,1913-06-14,0,,0,1952-05-30,,0,🇺🇸,Banks,us,,1,1,,0,2,1950-05-30,0,3,0,0,Henry,0,USA
3,templeman,0.0,1919-08-12,0,,0,1960-05-30,,0,🇺🇸,Templeman,us,,0,2,,0,1,1955-05-30,0,3,0,0,Shorty,0,USA
3,aston,0.0,1900-03-29,2,,0,1952-09-07,,0,🇬🇧,Aston,gb,,0,1,,0,0,1952-07-19,0,1,0,0,Bill,0,UK
3,amati,0.0,1962-07-20,3,,0,1992-04-05,,0,🇮🇹,Amati,it,,0,0,,0,0,1992-03-01,0,1,0,0,Giovanna,0,Italy
3,tolan,0.0,1917-10-22,0,,0,1958-05-30,,0,🇺🇸,Tolan,us,,0,2,,0,1,1956-05-30,0,3,0,0,Johnnie,0,USA
3,tornaco,0.0,1927-06-07,1,,0,1952-09-07,,0,🇧🇪,de Tornaco,be,,1,1,,0,1,1952-06-22,0,1,0,0,Charles,0,Belgium
3,chamberlain,0.0,1925-12-29,2,,0,1962-09-16,,0,🇺🇸,Chamberlain,us,,0,0,,0,1,1962-07-21,0,1,0,0,Jay,0,USA
30,brabham,0.0,1965-09-05,6,,0,1994-11-13,,0,🇦🇺,Brabham,au,,1,17,,0,7,1990-05-13,0,2,0,0,David,0,Australia
30,gethin,11.0,1940-02-21,0,1971-09-05,1,1974-07-20,,0,🇬🇧,Gethin,gb,,8,19,1971-09-05,0,11,1970-06-21,0,5,0,1,Peter,3,UK
30,rosset,0.0,1968-07-27,2,,0,1998-11-01,,0,🇧🇷,Rosset,br,,4,16,,0,12,1996-03-10,0,3,0,0,Ricardo,0,Brazil
30,boesel,0.0,1957-12-04,7,,0,1983-10-15,,0,🇧🇷,Boesel,br,,6,13,,0,10,1982-01-23,0,2,0,0,Raul,0,Brazil
308,michael_schumacher,1566.0,1969-01-03,0,2006-10-01,155,2012-11-25,,7,🇩🇪,Schumacher,de,MSC,226,67,1992-08-30,21,241,1991-08-25,68,19,2,91,Michael,221,Germany
308,button,1235.0,1980-01-19,0,2012-11-25,50,2016-11-27,22,1,🇬🇧,Button,gb,BUT,180,66,2006-08-06,8,242,2000-03-12,8,17,1,15,Jenson,162,UK
31,revson,61.0,1939-02-27,1,1973-09-23,8,1974-01-27,,0,🇺🇸,Revson,us,,18,9,1973-07-14,0,21,1964-05-10,1,5,0,2,Peter,14,USA
31,beaufort,4.0,1934-04-10,3,,0,1964-05-24,,0,🇳🇱,de Beaufort,nl,,14,5,,0,23,1957-08-04,0,8,0,0,Carel Godin,4,Netherlands
32,sala,1.0,1959-05-15,6,,0,1989-11-05,,0,🇪🇸,Pérez-Sala,es,,4,15,,0,11,1988-04-03,0,2,0,0,Luis,1,Spain
32,schneider,0.0,1964-07-20,23,,0,1990-09-30,,0,🇩🇪,Schneider,de,,0,6,,0,3,1988-04-03,0,3,0,0,Bernd,0,Germany
32,serra,1.0,1957-02-03,13,,0,1983-05-15,,0,🇧🇷,Serra,br,,6,8,,0,11,1981-03-15,0,3,0,0,Chico,1,Brazil
32,takagi,0.0,1974-02-12,0,,0,1999-10-31,,0,🇯🇵,Takagi,jp,,4,20,,0,12,1998-03-08,0,2,0,0,Toranosuke,0,Japan
32,nilsson,31.0,1948-11-20,0,1977-06-05,4,1977-10-23,,0,🇸🇪,Nilsson,se,,10,18,1977-06-05,0,14,1976-03-06,0,2,0,1,Gunnar,9,Sweden
32,lamy,1.0,1972-03-20,0,,0,1996-10-13,,0,🇵🇹,Lamy,pt,,9,13,,0,19,1993-09-12,0,4,0,0,Pedro,1,Portugal
326,barrichello,658.0,1972-05-23,1,2009-09-13,68,2011-11-27,,0,🇧🇷,Barrichello,br,BAR,172,96,2000-07-30,6,229,1993-03-14,14,19,2,11,Rubens,140,Brazil
33,nakano,2.0,1971-04-01,0,,0,1998-11-01,,0,🇯🇵,Nakano,jp,,9,15,,0,18,1997-03-09,0,2,0,0,Shinji,2,Japan
34,jules_bianchi,2.0,1989-08-03,0,,0,2014-10-05,17,0,🇫🇷,Bianchi,fr,BIA,1,6,,0,28,2013-03-17,0,2,0,0,Jules,1,France
35,chilton,0.0,1991-04-21,0,,0,2014-10-12,4,0,🇬🇧,Chilton,gb,CHI,0,3,,0,32,2013-03-17,0,2,0,0,Max,0,UK
35,adamich,6.0,1941-10-03,5,,0,1973-07-14,,0,🇮🇹,de Adamich,it,,6,18,,0,12,1968-01-01,0,5,0,0,Andrea,2,Italy
35,villoresi,49.0,1909-05-16,0,,8,1956-09-02,,0,🇮🇹,Villoresi,it,,18,17,,0,18,1950-05-21,1,7,0,0,Luigi,14,Italy
36,schenken,7.0,1943-09-26,2,,1,1974-10-06,,0,🇦🇺,Schenken,au,,9,18,,0,16,1970-08-16,0,5,0,0,Tim,3,Australia
36,spence,27.0,1936-12-30,0,,1,1968-01-01,,0,🇬🇧,Spence,gb,,18,16,,0,20,1963-09-08,1,6,0,0,Mike,12,UK
36,gene,5.0,1974-05-29,0,,0,2004-07-11,,0,🇪🇸,Gené,es,,11,13,,0,23,1999-03-07,0,4,0,0,Marc,2,Spain
36,ascari,140.0,1918-07-13,0,1953-08-23,17,1955-05-22,,2,🇮🇹,Ascari,it,,22,14,1951-07-29,0,22,1950-05-21,14,6,1,13,Alberto,22,Italy
36,nakajima,9.0,1985-01-11,0,,0,2009-11-01,,0,🇯🇵,Nakajima,jp,NAK,9,6,,0,30,2007-10-21,0,3,0,0,Kazuki,5,Japan
37,keegan,0.0,1955-02-26,12,,0,1982-09-25,,0,🇬🇧,Keegan,gb,,5,13,,0,12,1977-05-08,0,4,0,0,Rupert,0,UK
37,monteiro,7.0,1976-07-24,0,,1,2006-10-22,,0,🇵🇹,Monteiro,pt,TMO,5,8,,0,29,2005-03-06,0,2,0,0,Tiago,2,Portugal
37,salazar,3.0,1954-11-14,13,,0,1983-05-22,,0,🇨🇱,Salazar,cl,,4,16,,0,8,1981-03-15,0,3,0,0,Eliseo,2,Chile
37,collins,47.0,1931-11-06,2,1958-07-19,9,1958-08-03,,0,🇬🇧,Collins,gb,,15,19,1956-06-03,0,16,1952-05-18,0,7,0,3,Peter,10,UK
37,farina,127.33,1906-10-30,0,1953-08-02,20,1955-09-11,,1,🇮🇹,Farina,it,,27,10,1950-05-13,0,27,1950-05-13,6,6,1,5,Nino,26,Italy
37,henton,0.0,1946-09-19,17,,0,1982-09-25,,0,🇬🇧,Henton,gb,,8,10,,0,10,1975-07-19,0,4,0,0,Brian,0,UK
38,zonta,3.0,1976-03-23,1,,0,2005-06-19,,0,🇧🇷,Zonta,br,ZON,11,18,,0,19,1999-03-07,0,5,0,0,Ricardo,3,Brazil
38,wilson_fittipaldi,3.0,1943-12-25,3,,0,1975-10-05,,0,🇧🇷,Fittipaldi,br,,8,18,,0,17,1972-05-01,0,3,0,0,Wilson,2,Brazil
39,rosier,18.0,1905-11-05,0,,2,1956-08-05,,0,🇫🇷,Rosier,fr,,25,13,,0,26,1950-05-13,0,7,0,0,Louis,6,France
39,ganley,10.0,1941-12-24,3,,0,1974-08-04,,0,🇳🇿,Ganley,nz,,17,15,,0,21,1971-03-06,0,4,0,0,Howden,5,New Zealand
39,pic,0.0,1990-02-15,0,,0,2013-11-24,,0,🇫🇷,Pic,fr,PIC,0,9,,0,30,2012-03-18,0,2,0,0,Charles,0,France
4,weyant,0.0,1923-04-03,0,,0,1959-05-30,,0,🇺🇸,Weyant,us,,0,2,,0,2,1955-05-30,0,4,0,0,Chuck,0,USA
4,murray,0.0,1909-12-28,0,,0,1952-07-19,,0,🇬🇧,Murray,gb,,0,4,,0,0,1950-05-13,0,3,0,0,David,0,UK
4,cross,8.0,1918-01-24,0,,1,1955-05-30,,0,🇺🇸,Cross,us,,2,1,,0,3,1952-05-30,0,4,0,0,Art,2,USA
4,pretorius,0.0,1934-11-22,1,,0,1973-03-03,,0,🇿🇦,Pretorius,za,,0,3,,0,0,1965-01-01,0,4,0,0,Jackie,0,South Africa
4,hans_stuck,0.0,1900-12-27,1,,0,1953-09-13,,0,🇩🇪,von Stuck,de,,0,2,,0,1,1952-05-18,0,2,0,0,Hans,0,Germany
4,klerk,0.0,1935-03-16,0,,0,1970-03-07,,0,🇿🇦,de Klerk,za,,1,2,,0,2,1963-12-28,0,4,0,0,Peter,0,South Africa
4,bartels,0.0,1968-03-08,4,,0,1991-09-29,,0,🇩🇪,Bartels,de,,0,0,,0,0,1991-07-28,0,1,0,0,Michael,0,Germany
4,webb,0.0,1910-10-08,0,,0,1954-05-31,,0,🇺🇸,Webb,us,,0,3,,0,1,1950-05-30,0,4,0,0,Travis,0,USA
4,peter_walker,0.0,1912-10-07,0,,0,1955-07-16,,0,🇬🇧,Walker,gb,,1,3,,0,1,1950-05-13,0,3,0,0,Peter,0,UK
4,sachs,0.0,1927-05-27,0,,0,1960-05-30,,0,🇺🇸,Sachs,us,,0,3,,0,1,1957-05-30,1,4,0,0,Eddie,0,USA
4,may,0.0,1934-08-18,2,,0,1961-09-10,,0,🇨🇭,May,ch,,0,1,,0,1,1961-05-14,0,1,0,0,Michael,0,Switzerland
4,ayulo,2.0,1921-10-20,0,,1,1954-05-31,,0,🇺🇸,Ayulo,us,,1,0,,0,4,1951-05-30,0,4,0,0,Manny,1,USA
4,munaron,0.0,1928-04-02,0,,0,1960-09-04,,0,🇮🇹,Munaron,it,,0,2,,0,2,1960-02-07,0,1,0,0,Gino,0,Italy
4,cabianca,3.0,1923-02-19,1,,0,1960-09-04,,0,🇮🇹,Cabianca,it,,1,1,,0,2,1958-05-18,0,3,0,0,Giulio,1,Italy
4,dinsmore,0.0,1913-04-10,0,,0,1956-05-30,,0,🇺🇸,Dinsmore,us,,0,2,,0,2,1950-05-30,0,4,0,0,Duke,0,USA
4,bussinello,0.0,1927-10-04,2,,0,1965-09-12,,0,🇮🇹,Bussinello,it,,0,1,,0,1,1961-09-10,0,3,0,0,Roberto,0,Italy
4,pesenti_rossi,0.0,1942-08-31,1,,0,1976-09-12,,0,🇮🇹,Pesenti-Rossi,it,,0,0,,0,3,1976-08-01,0,1,0,0,Alessandro,0,Italy
4,pilette,0.0,1942-07-26,3,,0,1977-09-11,,0,🇧🇪,Pilette,be,,0,0,,0,1,1974-05-12,0,2,0,0,Teddy,0,Belgium
4,robarts,0.0,1944-09-22,1,,0,1974-06-09,,0,🇬🇧,Robarts,gb,,0,1,,0,2,1974-01-13,0,1,0,0,Richard,0,UK
4,turner,0.0,1920-02-12,0,,0,1959-05-30,,0,🇺🇸,Turner,us,,0,3,,0,1,1956-05-30,0,4,0,0,Jack,0,USA
4,ide,0.0,1975-01-21,0,,0,2006-04-23,,0,🇯🇵,Ide,jp,IDE,0,3,,0,1,2006-03-12,0,1,0,0,Yuji,0,Japan
4,gaze,0.0,1920-02-03,1,,0,1952-09-07,,0,🇦🇺,Gaze,au,,0,2,,0,1,1952-06-22,0,1,0,0,Tony,0,Australia
4,bianco,0.0,1916-07-22,0,,0,1952-09-07,,0,🇧🇷,Bianco,br,,0,3,,0,1,1952-07-19,0,1,0,0,Gino,0,Brazil
4,belso,0.0,1942-08-27,2,,0,1974-07-20,,0,🇩🇰,Belsø,dk,,1,1,,0,1,1974-03-30,0,1,0,0,Tom,0,Denmark
4,hansgen,2.0,1919-10-28,2,,0,1964-10-04,,0,🇺🇸,Hansgen,us,,1,1,,0,1,1961-10-08,0,3,0,0,Walt,1,USA
4,reventlow,0.0,1936-02-24,3,,0,1960-07-16,,0,🇺🇸,Reventlow,us,,0,1,,0,0,1960-05-29,0,1,0,0,Lance,0,USA
4,guerra,0.0,1953-08-31,3,,0,1981-05-03,,0,ğŸ‡¦ğŸ‡·,Guerra,ar,,0,1,,0,0,1981-03-15,0,1,0,0,Miguel Ãngel,0,Argentina
4,giunti,3.0,1941-01-10,0,,0,1970-09-06,,0,🇮🇹,Giunti,it,,2,1,,0,3,1970-06-07,0,1,0,0,Ignazio,1,Italy
4,parnell,0.0,1932-06-25,2,,0,1963-08-04,,0,🇬🇧,Parnell,gb,,1,1,,0,1,1959-07-18,0,3,0,0,Tim,0,UK
4,teague,0.0,1922-02-22,0,,0,1957-05-30,,0,🇺🇸,Teague,us,,1,2,,0,2,1953-05-30,0,3,0,0,Marshall,0,USA
4,fontana,0.0,1975-01-20,0,,0,1997-10-26,,0,🇦🇷,Fontana,ar,,2,1,,0,3,1997-06-29,0,1,0,0,Norberto,0,Argentina
4,bristow,0.0,1937-12-02,0,,0,1960-06-19,,0,🇬🇧,Bristow,gb,,1,3,,0,1,1959-07-18,0,2,0,0,Chris,0,UK
4,russo,0.0,1925-11-19,0,,0,1960-05-30,,0,🇺🇸,Russo,us,,0,3,,0,1,1955-05-30,0,4,0,0,Eddie,0,USA
40,sainz,64.0,1994-09-01,0,,0,2016-11-27,55,0,🇪🇸,Sainz,es,SAI,17,11,,0,29,2015-03-15,0,2,0,0,Carlos,17,Spain
40,pirro,3.0,1962-01-12,3,,0,1991-11-03,,0,🇮🇹,Pirro,it,,12,20,,0,17,1989-07-09,0,3,0,0,Emanuele,2,Italy
40,max_verstappen,253.0,1997-09-30,1,2016-05-15,7,2016-11-27,33,0,🇳🇱,Verstappen,nl,VES,27,6,2016-05-15,1,33,2015-03-15,0,2,0,1,Max,27,Netherlands
40,nasr,29.0,1992-08-21,1,,0,2016-11-27,12,0,🇧🇷,Nasr,br,NAS,7,6,,0,33,2015-03-15,0,2,0,0,Felipe,7,Brazil
41,brooks,75.0,1932-02-25,1,1959-08-02,10,1961-10-08,,0,🇬🇧,Brooks,gb,,20,18,1957-07-20,0,22,1956-05-13,4,6,1,6,Tony,15,UK
41,baldi,5.0,1954-01-31,5,,0,1985-05-05,,0,🇮🇹,Baldi,it,,13,19,,0,17,1982-01-23,0,4,0,0,Mauro,4,Italy
41,kevin_magnussen,62.0,1992-10-05,0,,1,2016-11-27,20,0,🇩🇰,Magnussen,dk,MAG,14,6,,0,35,2014-03-16,0,3,0,0,Kevin,14,Denmark
41,lammers,0.0,1956-06-02,18,,0,1992-11-08,,0,🇳🇱,Lammers,nl,,3,11,,0,12,1979-01-21,0,5,0,0,Jan,0,Netherlands
42,wendlinger,14.0,1968-12-20,1,,0,1995-11-12,,0,🇦🇹,Wendlinger,at,,11,23,,0,18,1991-10-20,0,5,0,0,Karl,7,Austria
42,pryce,19.0,1949-06-11,0,,2,1977-03-05,,0,🇬🇧,Pryce,gb,,20,20,,0,22,1974-05-12,1,4,0,0,Tom,9,UK
42,lunger,0.0,1945-11-14,8,,0,1978-10-01,,0,🇺🇸,Lunger,us,,9,11,,0,23,1975-08-17,0,4,0,0,Brett,0,USA
43,fittipaldi,12.0,1971-01-18,3,,0,1994-11-13,,0,🇧🇷,Fittipaldi,br,,18,14,,0,26,1992-03-01,0,3,0,0,Christian,5,Brazil
44,bandini,58.0,1935-12-21,2,1964-08-23,8,1967-05-07,,0,🇮🇹,Bandini,it,,26,14,1964-08-23,0,28,1961-06-18,1,7,0,1,Lorenzo,17,Italy
45,zanardi,1.0,1966-10-23,2,,0,1999-10-31,,0,🇮🇹,Zanardi,it,,10,25,,0,18,1991-09-29,0,5,0,0,Alessandro,1,Italy
45,gregory,21.0,1932-02-29,7,,3,1965-09-12,,0,🇺🇸,Gregory,us,,14,17,,0,21,1957-05-19,0,8,0,0,Masten,6,USA
46,bruno_senna,33.0,1983-10-15,0,,0,2012-11-25,,0,🇧🇷,Senna,br,SEN,11,11,,1,35,2010-03-14,0,3,0,0,Bruno,11,Brazil
46,alguersuari,31.0,1990-03-23,0,,0,2011-11-27,,0,🇪🇸,Alguersuari,es,ALG,10,10,,0,36,2009-07-26,0,3,0,0,Jaime,10,Spain
46,albers,4.0,1979-04-16,0,,0,2007-07-08,,0,🇳🇱,Albers,nl,ALB,2,18,,0,28,2005-03-06,0,3,0,0,Christijan,1,Netherlands
47,bernard,10.0,1964-08-24,2,,1,1994-10-16,,0,🇫🇷,Bernard,fr,,16,23,,0,22,1989-07-09,0,4,0,0,Éric,5,France
47,karthikeyan,5.0,1977-01-14,1,,0,2012-11-25,,0,🇮🇳,Karthikeyan,in,KAR,1,13,,0,33,2005-03-06,0,3,0,0,Narain,1,India
47,danner,4.0,1958-04-04,11,,0,1989-09-24,,0,🇩🇪,Danner,de,,11,21,,0,15,1985-09-15,0,4,0,0,Christian,2,Germany
47,cevert,89.0,1944-02-25,1,1971-10-03,13,1973-10-07,,0,🇫🇷,Cevert,fr,,28,17,1971-10-03,0,29,1970-06-21,0,4,0,1,François,19,France
48,hawthorn,127.64,1929-04-10,1,1958-07-06,18,1958-10-19,,1,🇬🇧,Hawthorn,gb,,33,14,1953-07-05,0,33,1952-06-22,4,7,0,3,Mike,28,UK
5,connor,0.0,1928-10-09,0,,0,1958-05-30,,0,🇺🇸,O'Connor,us,,2,2,,0,3,1954-05-31,1,5,0,0,Pat,0,USA
5,pollet,0.0,1922-07-02,0,,0,1955-09-11,,0,🇫🇷,Pollet,fr,,2,3,,0,2,1954-07-04,0,2,0,0,Jacques,0,France
5,campbell-jones,0.0,1930-01-21,3,,0,1963-07-20,,0,🇬🇧,Campbell-Jones,gb,,0,0,,0,2,1961-08-06,0,3,0,0,John,0,UK
5,taylor,1.0,1933-03-23,0,,0,1966-08-07,,0,🇬🇧,Taylor,gb,,3,1,,0,4,1964-07-11,0,2,0,0,John,1,UK
5,duncan_hamilton,0.0,1920-04-30,0,,0,1953-07-18,,0,🇬🇧,Hamilton,gb,,1,3,,0,2,1951-07-14,0,3,0,0,Duncan,0,UK
5,sanesi,3.0,1911-03-28,0,,0,1951-07-14,,0,🇮🇹,Sanesi,it,,3,2,,0,3,1950-09-03,0,2,0,0,Consalvo,1,Italy
5,leoni,0.0,1953-05-24,3,,0,1978-04-02,,0,🇮🇹,Leoni,it,,0,2,,0,0,1977-09-11,0,2,0,0,Lamberto,0,Italy
5,elisian,0.0,1926-12-09,0,,0,1958-05-30,,0,🇺🇸,Elisian,us,,0,4,,0,1,1954-05-31,0,5,0,0,Ed,0,USA
5,christie,0.0,1924-04-04,0,,0,1960-05-30,,0,🇺🇸,Christie,us,,1,2,,0,3,1956-05-30,0,5,0,0,Bob,0,USA
5,mitter,3.0,1935-08-30,1,,0,1965-08-01,,0,🇩🇪,Mitter,de,,2,2,,0,2,1963-06-23,0,3,0,0,Gerhard,1,Germany
5,keller,0.0,1920-04-11,0,,0,1959-05-30,,0,🇺🇸,Keller,us,,0,3,,0,2,1955-05-30,0,5,0,0,Al,0,USA
5,kiesa,0.0,1978-03-03,0,,0,2003-10-12,,0,🇩🇰,Kiesa,dk,,0,0,,0,5,2003-08-03,0,1,0,0,Nicolas,0,Denmark
5,bleekemolen,0.0,1949-10-02,4,,0,1978-10-08,,0,🇳🇱,Bleekemolen,nl,,0,1,,0,0,1977-08-28,0,2,0,0,Michael,0,Netherlands
5,bob_scott,0.0,1928-10-04,0,,0,1954-05-31,,0,🇺🇸,Scott,us,,0,3,,0,2,1952-05-30,0,3,0,0,Bob,0,USA
5,thackwell,0.0,1961-03-30,3,,0,1984-08-05,,0,🇳🇿,Thackwell,nz,,0,2,,0,0,1980-08-31,0,2,0,0,Mike,0,New Zealand
5,gaillard,0.0,1952-02-12,3,,0,1979-08-26,,0,🇫🇷,Gaillard,fr,,0,1,,0,1,1979-07-01,0,1,0,0,Patrick,0,France
5,vukovich,19.0,1918-12-13,0,1954-05-31,2,1955-05-30,,0,🇺🇸,Vukovich,us,,2,2,1953-05-30,0,3,1951-05-30,1,5,0,2,Bill,4,USA
5,sommer,3.0,1906-08-31,0,,0,1950-09-03,,0,🇫🇷,Sommer,fr,,1,4,,0,1,1950-05-21,0,1,0,0,Raymond,1,France
5,brandon,0.0,1920-07-18,0,,0,1954-07-17,,0,🇬🇧,Brandon,gb,,2,1,,0,4,1952-05-18,0,2,0,0,Eric,0,UK
5,herman,0.0,1927-03-15,0,,0,1960-05-30,,0,🇺🇸,Herman,us,,1,2,,0,3,1955-05-30,0,5,0,0,Al,0,USA
5,hirt,0.0,1910-03-30,0,,0,1953-08-23,,0,🇨🇭,Hirt,ch,,1,3,,0,2,1951-05-27,0,3,0,0,Peter,0,Switzerland
5,andersson,0.0,1939-12-28,4,,0,1977-07-03,,0,🇸🇪,Andersson,se,,0,1,,0,0,1976-08-29,0,2,0,0,Conny,0,Sweden
5,rossi,0.0,1991-09-25,0,,0,2015-11-15,53,0,🇺🇸,Rossi,us,RSS,0,0,,0,5,2015-09-20,0,1,0,0,Alexander,0,USA
5,cabral,0.0,1934-01-15,1,,0,1964-09-06,,0,🇵🇹,Cabral,pt,,1,3,,0,1,1959-08-23,0,4,0,0,Mário de Araújo,0,Portugal
5,sweikert,8.0,1926-05-20,0,1955-05-30,1,1956-05-30,,0,🇺🇸,Sweikert,us,,2,2,1955-05-30,0,3,1952-05-30,0,5,0,1,Bob,1,USA
5,hoyt,0.0,1929-01-29,0,,0,1955-05-30,,0,🇺🇸,Hoyt,us,,1,3,,0,2,1950-05-30,1,4,0,0,Jerry,0,USA
5,bucci,0.0,1920-09-04,0,,0,1955-01-16,,0,🇦🇷,Bucci,ar,,0,5,,0,0,1954-07-17,0,2,0,0,Clemar,0,Argentina
5,filippis,0.0,1926-11-11,2,,0,1959-05-10,,0,🇮🇹,de Filippis,it,,1,2,,0,1,1958-05-18,0,2,0,0,Maria,0,Italy
5,faulkner,1.0,1920-02-16,0,,0,1955-05-30,,0,🇺🇸,Faulkner,us,,2,1,,0,4,1950-05-30,1,5,0,0,Walt,1,USA
5,veith,0.0,1926-11-01,0,,0,1960-05-30,,0,🇺🇸,Veith,us,,3,1,,0,4,1956-05-30,0,5,0,0,Bob,0,USA
5,estefano,0.0,1932-11-18,4,,0,1963-07-20,,0,🇦🇷,Estéfano,ar,,0,0,,0,1,1960-02-07,0,3,0,0,Nasif,0,Argentina
5,dick_rathmann,2.0,1924-01-06,0,,0,1960-05-30,,0,🇺🇸,Rathmann,us,,1,3,,0,2,1950-05-30,1,5,0,0,Dick,1,USA
5,byrne,0.0,1958-05-06,3,,0,1982-09-25,,0,🇮🇪,Byrne,ie,,0,2,,0,0,1982-08-08,0,1,0,0,Tommy,0,Ireland
5,vaccarella,0.0,1933-03-03,1,,0,1965-09-12,,0,🇮🇹,Vaccarella,it,,1,1,,0,3,1961-09-10,0,3,0,0,Nino,0,Italy
5,rol,0.0,1908-06-05,0,,0,1952-09-07,,0,🇮🇹,Rol,it,,1,4,,0,1,1950-05-21,0,3,0,0,Franco,0,Italy
5,ashmore,0.0,1936-07-25,2,,0,1962-09-16,,0,🇬🇧,Ashmore,gb,,0,2,,0,1,1961-07-15,0,2,0,0,Gerry,0,UK
50,dalmas,0.0,1961-07-28,26,,0,1994-09-25,,0,🇫🇷,Dalmas,fr,,7,9,,0,15,1987-10-18,0,5,0,0,Yannick,0,France
51,hailwood,29.0,1940-04-02,1,,2,1974-08-04,,0,🇬🇧,Hailwood,gb,,22,23,,0,27,1963-07-20,0,7,0,0,Mike,10,UK
51,oliver,13.0,1942-08-14,1,,2,1977-06-19,,0,🇬🇧,Oliver,gb,,13,34,,0,16,1967-08-06,0,8,0,0,Jackie,5,UK
51,klien,14.0,1983-02-07,0,,0,2010-11-14,,0,🇦🇹,Klien,at,KLI,15,16,,0,35,2004-03-07,0,4,0,0,Christian,8,Austria
51,salvadori,19.0,1922-05-12,4,,2,1962-12-29,,0,🇬🇧,Salvadori,gb,,17,28,,0,19,1952-07-19,0,11,0,0,Roy,7,UK
52,phil_hill,98.0,1927-04-20,4,1961-09-10,16,1966-09-04,,1,🇺🇸,Hill,us,,30,15,1960-09-04,0,33,1958-07-06,6,8,0,3,Phil,20,USA
54,rodriguez,71.0,1940-01-18,0,1970-06-07,7,1971-07-04,,0,🇲🇽,Rodríguez,mx,,28,25,1967-01-02,0,29,1963-10-06,0,9,0,2,Pedro,22,Mexico
54,ginther,107.0,1930-08-05,1,1965-10-24,14,1967-05-07,,0,🇺🇸,Ginther,us,,35,14,1965-10-24,0,39,1960-05-29,0,8,0,1,Richie,28,USA
54,streiff,11.0,1955-06-26,0,,1,1988-11-13,,0,🇫🇷,Streiff,fr,,21,24,,0,30,1984-10-21,0,5,0,0,Philippe,5,France
55,ireland,47.0,1930-06-12,5,1961-10-08,4,1966-10-23,,0,🇬🇧,Ireland,gb,,23,24,1961-10-08,0,26,1959-05-31,0,8,0,1,Innes,14,UK
55,buemi,29.0,1988-10-31,0,,0,2011-11-27,,0,🇨🇭,Buemi,ch,BUE,15,15,,0,40,2009-03-29,0,3,0,0,Sébastien,15,Switzerland
55,manfred_winkelhock,2.0,1951-10-06,7,,0,1985-08-04,,0,🇩🇪,Winkelhock,de,,7,35,,0,13,1980-09-14,0,5,0,0,Manfred,1,Germany
55,jabouille,21.0,1942-10-01,6,1980-08-17,2,1981-06-21,,0,🇫🇷,Jabouille,fr,,6,39,1979-07-01,0,10,1974-07-07,6,7,0,2,Jean-Pierre,3,France
56,ericsson,9.0,1990-09-02,0,,0,2016-11-27,9,0,🇸🇪,Ericsson,se,ERI,5,13,,0,43,2014-03-16,0,3,0,0,Marcus,5,Sweden
57,behra,51.0,1921-02-16,0,,9,1959-07-05,,0,🇫🇷,Behra,fr,,25,32,,0,25,1952-05-18,0,8,0,0,Jean,15,France
58,vergne,51.0,1990-04-25,0,,0,2014-11-23,25,0,🇫🇷,Vergne,fr,VER,14,13,,0,45,2012-03-18,0,3,0,0,Jean-Éric,14,France
58,fangio,279.14,1911-06-24,0,1957-08-04,35,1958-07-06,,5,🇦🇷,Fangio,ar,,43,14,1950-05-21,0,44,1950-05-13,29,8,2,24,Juan,44,Argentina
58,resta,121.0,1986-04-16,0,,0,2013-11-24,,0,🇬🇧,di Resta,gb,DIR,26,6,,0,52,2011-03-27,0,3,0,0,Paul,26,UK
58,rebaque,13.0,1956-02-05,17,,0,1981-10-17,,0,🇲🇽,Rebaque,mx,,12,26,,0,15,1977-06-05,0,5,0,0,Hector,6,Mexico
58,petrov,64.0,1984-09-08,0,,1,2012-11-25,,0,🇷🇺,Petrov,ru,PET,13,11,,1,47,2010-03-14,0,3,0,0,Vitaly,13,Russia
58,badoer,0.0,1971-01-25,2,,0,2009-08-30,,0,🇮🇹,Badoer,it,BAD,11,31,,0,25,1993-03-14,0,5,0,0,Luca,0,Italy
59,kvyat,128.0,1994-04-26,0,,2,2016-11-27,26,0,🇷🇺,Kvyat,ru,KVY,24,14,,1,45,2014-03-16,0,3,0,0,Daniil,24,Russia
59,gutierrez,6.0,1991-08-05,0,,0,2016-11-27,21,0,🇲🇽,Gutiérrez,mx,GUT,1,13,,1,46,2013-03-17,0,3,0,0,Esteban,1,Mexico
59,pescarolo,12.0,1942-09-25,3,,1,1976-10-10,,0,🇫🇷,Pescarolo,fr,,19,25,,0,31,1968-09-22,0,7,0,0,Henri,6,France
6,mcgrath,9.0,1919-10-08,0,,2,1955-05-30,,0,🇺🇸,McGrath,us,,3,1,,0,5,1950-05-30,1,6,0,0,Jack,3,USA
6,collomb,0.0,1930-10-07,2,,0,1964-05-10,,0,🇫🇷,Collomb,fr,,1,3,,0,1,1961-07-02,0,4,0,0,Bernard,0,France
6,barber,0.0,1936-11-16,1,,0,1972-10-08,,0,🇺🇸,Barber,us,,0,4,,0,1,1971-05-23,0,2,0,0,Skip,0,USA
6,bertaggia,0.0,1964-09-19,6,,0,1989-11-05,,0,🇮🇹,Bertaggia,it,,0,0,,0,0,1989-08-27,0,1,0,0,Enrico,0,Italy
6,wunderink,0.0,1948-12-12,3,,0,1975-10-05,,0,🇳🇱,Wunderink,nl,,0,3,,0,0,1975-04-27,0,1,0,0,Roelof,0,Netherlands
6,levegh,0.0,1905-12-22,0,,0,1951-09-16,,0,🇫🇷,Levegh,fr,,3,3,,0,3,1950-06-18,0,2,0,0,Pierre,0,France
6,portago,4.0,1928-10-11,0,,1,1957-01-13,,0,🇪🇸,de Portago,es,,3,3,,0,3,1956-07-01,0,2,0,0,Alfonso,2,Spain
6,landi,1.5,1907-07-14,0,,0,1956-01-22,,0,🇧🇷,Landi,br,,3,3,,0,3,1951-09-16,0,4,0,0,Chico,1,Brazil
6,daigh,0.0,1923-11-29,2,,0,1960-11-20,,0,🇺🇸,Daigh,us,,1,3,,0,1,1960-05-29,0,1,0,0,Chuck,0,USA
6,naspetti,0.0,1968-02-24,0,,0,1993-09-26,,0,🇮🇹,Naspetti,it,,0,3,,0,3,1992-08-30,0,2,0,0,Emanuele,0,Italy
6,kinnunen,0.0,1943-08-05,5,,0,1974-09-08,,0,🇫🇮,Kinnunen,fi,,0,1,,0,0,1974-05-12,0,1,0,0,Leo,0,Finland
6,davies,4.0,1929-08-18,0,,1,1955-05-30,,0,🇺🇸,Davies,us,,2,2,,0,4,1950-05-30,0,5,0,0,Jimmy,1,USA
6,kessel,0.0,1950-04-01,3,,0,1977-09-11,,0,🇨🇭,Kessel,ch,,0,2,,0,1,1976-05-02,0,2,0,0,Loris,0,Switzerland
6,flaherty,8.0,1926-01-06,0,1956-05-30,1,1959-05-30,,0,🇺🇸,Flaherty,us,,3,3,1956-05-30,0,3,1950-05-30,1,6,0,1,Pat,1,USA
6,ongais,0.0,1942-05-21,2,,0,1978-08-27,,0,🇺🇸,Ongais,us,,1,3,,0,1,1977-10-02,0,2,0,0,Danny,0,USA
6,trimmer,0.0,1943-01-24,6,,0,1978-07-16,,0,🇬🇧,Trimmer,gb,,0,0,,0,0,1975-08-03,0,4,0,0,Tony,0,UK
6,bueb,0.0,1923-06-06,1,,0,1959-07-18,,0,🇬🇧,Bueb,gb,,1,2,,0,3,1957-05-19,0,3,0,0,Ivor,0,UK
6,ricardo_rodriguez,4.0,1942-02-14,1,,0,1962-09-16,,0,🇲🇽,Rodríguez,mx,,2,2,,0,3,1961-09-10,0,2,0,0,Ricardo,2,Mexico
6,hoffmann,0.0,1953-02-28,3,,0,1977-01-23,,0,🇧🇷,Hoffmann,br,,1,1,,0,2,1976-01-25,0,2,0,0,Ingo,0,Brazil
6,tingle,0.0,1921-08-24,1,,0,1969-03-01,,0,🇿🇼,Tingle,zw,,1,3,,0,2,1962-12-29,0,6,0,0,Sam,0,Rhodesia
6,boyd,4.0,1926-08-19,0,,1,1960-05-30,,0,🇺🇸,Boyd,us,,3,2,,0,4,1955-05-30,0,6,0,0,Johnny,1,USA
6,sharp,0.0,1928-01-01,0,,0,1964-10-25,,0,🇺🇸,Sharp,us,,2,2,,0,4,1961-10-08,0,4,0,0,Hap,0,USA
6,reece,0.0,1929-11-17,0,,0,1958-05-30,,0,🇺🇸,Reece,us,,3,2,,0,4,1952-05-30,0,6,0,0,Jimmy,0,USA
61,stommelen,14.0,1943-07-11,7,,1,1978-10-08,,0,🇩🇪,Stommelen,de,,15,20,,0,34,1970-03-07,0,8,0,0,Rolf,7,Germany
62,grouillard,1.0,1958-09-02,21,,0,1992-11-08,,0,🇫🇷,Grouillard,fr,,6,27,,0,14,1989-03-26,0,4,0,0,Olivier,1,France
62,rindt,109.0,1942-04-18,2,1970-08-02,13,1970-09-06,,1,🇦🇹,Rindt,at,,22,35,1969-10-05,0,25,1964-08-23,10,7,0,6,Jochen,21,Austria
63,blundell,32.0,1966-04-08,2,,3,1995-11-12,,0,🇬🇧,Blundell,gb,,25,30,,0,31,1991-03-10,0,4,0,0,Mark,13,UK
63,comas,7.0,1963-09-28,4,,0,1994-11-06,,0,🇫🇷,Comas,fr,,24,27,,0,32,1991-03-10,0,4,0,0,Érik,6,France
64,schell,32.0,1921-06-29,1,,2,1960-02-07,,0,🇺🇸,Schell,us,,28,32,,0,31,1950-05-21,0,11,0,0,Harry,12,USA
64,daly,15.0,1953-03-11,15,,0,1982-09-25,,0,🇮🇪,Daly,ie,,19,23,,0,26,1978-04-02,0,5,0,0,Derek,8,Ireland
68,gilles_villeneuve,107.0,1950-01-18,1,1981-06-21,13,1982-05-09,,0,🇨🇦,Villeneuve,ca,,34,28,1978-10-08,0,39,1977-07-16,2,6,1,6,Gilles,21,Canada
69,wurz,45.0,1974-02-15,0,,3,2007-10-07,,0,🇦🇹,Wurz,at,WUR,35,22,,0,47,1997-06-15,0,6,0,0,Alexander,14,Austria
7,daywalt,0.0,1924-08-28,0,,0,1959-05-30,,0,🇺🇸,Daywalt,us,,2,4,,0,3,1953-05-30,0,6,0,0,Jimmy,0,USA
7,raby,0.0,1921-09-22,4,,0,1965-08-01,,0,🇬🇧,Raby,gb,,0,2,,0,1,1963-07-20,0,3,0,0,Ian,0,UK
7,stacey,0.0,1933-08-29,0,,0,1960-06-19,,0,🇬🇧,Stacey,gb,,1,6,,0,1,1958-07-19,0,3,0,0,Alan,0,UK
7,parkes,14.0,1931-09-24,1,,2,1967-06-18,,0,🇬🇧,Parkes,gb,,3,3,,0,3,1959-07-18,1,3,0,0,Mike,3,UK
7,gerard,0.0,1914-01-19,0,,0,1957-07-20,,0,🇬🇧,Gerard,gb,,4,0,,0,7,1950-05-13,0,6,0,0,Bob,0,UK
7,stevenson,0.0,1919-10-15,0,,0,1960-05-30,,0,🇺🇸,Stevenson,us,,1,3,,0,4,1951-05-30,0,5,0,0,Chuck,0,USA
7,hayje,0.0,1949-05-03,4,,0,1977-08-28,,0,🇳🇱,Lunger,nl,,0,3,,0,0,1976-08-29,0,2,0,0,Boy,0,Netherlands
7,zorzi,1.0,1946-12-12,0,,0,1977-05-08,,0,🇮🇹,Zorzi,it,,2,4,,0,3,1975-09-07,0,3,0,0,Renzo,1,Italy
7,gerini,1.5,1928-08-10,1,,0,1958-10-19,,0,🇮🇹,Gerini,it,,3,2,,0,4,1956-01-22,0,2,0,0,Gerino,1,Italy
7,fischer,10.0,1912-04-19,0,,2,1952-09-07,,0,🇨🇭,Fischer,ch,,3,1,,0,6,1951-05-27,0,2,0,0,Rudi,2,Switzerland
7,kennedy,0.0,1953-01-15,7,,0,1980-06-29,,0,🇮🇪,Kennedy,ie,,0,0,,0,0,1980-01-13,0,1,0,0,Dave,0,Ireland
7,mccarthy,0.0,1961-03-03,7,,0,1992-08-30,,0,🇬🇧,McCarthy,gb,,0,0,,0,0,1992-05-03,0,1,0,0,Perry,0,UK
7,papis,0.0,1969-10-03,0,,0,1995-10-01,,0,🇮🇹,Papis,it,,1,5,,0,2,1995-07-16,0,1,0,0,Massimiliano,0,Italy
7,joachim_winkelhock,0.0,1960-10-24,7,,0,1989-07-09,,0,🇩🇪,Winkelhock,de,,0,0,,0,0,1989-03-26,0,1,0,0,Joachim,0,Germany
7,bayol,2.0,1914-02-28,0,,0,1956-05-13,,0,🇫🇷,Bayol,fr,,2,5,,0,2,1952-09-07,0,5,0,0,Élie,1,France
7,barth,0.0,1917-01-26,2,,0,1964-08-02,,0,🇩🇪,Barth,de,,2,2,,0,3,1953-08-02,0,6,0,0,Edgar,0,Germany
7,reg_parnell,9.0,1911-07-02,0,,1,1954-07-17,,0,🇬🇧,Parnell,gb,,4,3,,0,4,1950-05-13,0,4,0,0,Reg,3,UK
7,swaters,0.0,1926-10-30,0,,0,1954-10-24,,0,🇺🇸,Swaters,us,,3,4,,0,3,1951-07-29,0,3,0,0,Jacques,0,USA
7,mcalpine,0.0,1920-09-21,0,,0,1955-07-16,,0,🇬🇧,McAlpine,gb,,0,5,,0,2,1952-07-19,0,3,0,0,Kenneth,0,UK
7,greene,0.0,1938-01-05,4,,0,1962-09-16,,0,🇬🇧,Greene,gb,,0,2,,0,1,1959-07-18,0,4,0,0,Keith,0,UK
7,hobbs,0.0,1939-06-09,0,,0,1974-09-08,,0,🇬🇧,Hobbs,gb,,6,1,,0,6,1967-07-15,0,4,0,0,David,0,UK
7,montagny,0.0,1978-01-05,0,,0,2006-07-16,,0,🇫🇷,Montagny,fr,FMO,0,4,,0,3,2006-05-07,0,1,0,0,Franck,0,France
7,schiattarella,0.0,1967-11-17,0,,0,1995-05-28,,0,🇮🇹,Schiattarella,it,,1,4,,0,3,1994-10-16,0,2,0,0,Domenico,0,Italy
70,lehto,10.0,1966-01-31,8,,1,1994-11-13,,0,🇫🇮,Järvilehto,fi,,21,34,,0,28,1989-09-24,0,6,0,0,Jyrki,4,Finland
70,morbidelli,8.5,1968-01-13,3,,1,1997-10-12,,0,🇮🇹,Morbidelli,it,,18,33,,0,34,1990-03-11,0,6,0,0,Gianni,5,Italy
70,fabi,23.0,1955-03-09,7,,2,1987-11-15,,0,🇮🇹,Fabi,it,,16,45,,0,18,1982-01-23,3,5,0,0,Teo,9,Italy
72,pironi,101.0,1952-03-26,1,1982-07-03,13,1982-08-08,,0,🇫🇷,Pironi,fr,,40,27,1980-05-04,0,44,1978-01-15,4,5,1,3,Didier,29,France
72,clark,274.0,1936-03-04,0,1968-01-01,32,1968-01-01,,2,🇬🇧,Clark,gb,,46,22,1962-06-17,0,50,1960-06-06,33,9,1,25,Jim,40,UK
73,pace,58.0,1944-10-06,1,1975-01-26,6,1977-03-05,,0,🇧🇷,Pace,br,,29,35,1975-01-26,0,37,1972-03-04,1,6,0,1,Carlos,16,Brazil
73,moss,186.5,1929-09-17,0,1961-08-06,24,1961-10-08,,0,🇬🇧,Moss,gb,,36,36,1955-07-16,0,37,1951-05-27,17,11,4,16,Stirling,34,UK
74,moreno,15.0,1959-02-11,32,,1,1995-11-12,,0,🇧🇷,Moreno,br,,10,25,,0,17,1982-07-03,0,7,0,0,Roberto,5,Brazil
75,larini,7.0,1964-03-19,26,,1,1997-05-11,,0,🇮🇹,Larini,it,,12,23,,0,26,1987-09-06,0,8,0,0,Nicola,2,Italy
75,caffi,6.0,1964-03-18,18,,0,1991-11-03,,0,🇮🇹,Caffi,it,,18,31,,0,26,1986-09-07,0,6,0,0,Alex,3,Italy
76,kubica,273.0,1984-12-07,0,2008-06-08,12,2010-11-14,,0,🇵🇱,Kubica,pl,KUB,51,12,2008-06-08,1,64,2006-08-06,1,5,0,1,Robert,46,Poland
76,kobayashi,125.0,1986-09-13,0,,1,2014-11-23,10,0,🇯🇵,Kobayashi,jp,KOB,28,23,,1,53,2009-10-18,0,5,0,0,Kamui,27,Japan
77,nannini,65.0,1959-07-07,0,1989-10-22,9,1990-09-30,,0,🇮🇹,Nannini,it,,24,46,1989-10-22,0,31,1986-03-23,0,5,0,1,Alessandro,19,Italy
78,tarquini,1.0,1962-03-02,40,,0,1995-10-01,,0,🇮🇹,Tarquini,it,,5,25,,0,13,1987-05-03,0,7,0,0,Gabriele,1,Italy
78,brambilla,15.5,1937-11-11,4,1975-08-17,1,1980-09-14,,0,🇮🇹,Brambilla,it,,25,37,1975-08-17,0,37,1974-03-30,1,7,0,1,Vittorio,9,Italy
78,bottas,411.0,1989-08-29,1,,9,2016-11-27,77,0,🇫🇮,Bottas,fi,BOT,46,6,,1,71,2013-03-17,0,4,0,0,Valtteri,46,Finland
8,solana,0.0,1935-12-26,0,,0,1968-11-03,,0,🇲🇽,Solana,mx,,1,5,,0,3,1963-10-27,0,6,0,0,Moisés,0,Mexico
8,agabashian,1.5,1913-08-21,0,,0,1957-05-30,,0,🇺🇸,Agabashian,us,,2,5,,0,3,1950-05-30,1,8,0,0,Fred,1,USA
8,ramos,2.0,1925-12-07,0,,0,1956-09-02,,0,🇧🇷,da Silva Ramos,br,,3,5,,0,3,1955-06-19,0,2,0,0,Hernando,1,Brazil
8,paletti,0.0,1958-06-15,5,,0,1982-06-13,,0,🇮🇹,Paletti,it,,0,3,,0,0,1982-01-23,0,1,0,0,Riccardo,0,Italy
8,wilds,0.0,1946-01-07,5,,0,1976-07-18,,0,🇬🇧,Wilds,gb,,0,3,,0,0,1974-07-20,0,3,0,0,Mike,0,UK
8,leclere,0.0,1946-03-18,1,,0,1976-07-04,,0,🇫🇷,Leclère,fr,,1,2,,0,5,1975-10-05,0,2,0,0,Michel,0,France
8,gartner,0.0,1954-01-24,0,,0,1984-10-21,,0,🇦🇹,Gartner,at,,1,5,,0,3,1984-05-06,0,1,0,0,Jo,0,Austria
8,freeland,4.0,1925-03-25,0,,1,1960-05-30,,0,🇺🇸,Freeland,us,,3,3,,0,5,1953-05-30,0,8,0,0,Don,1,USA
8,fagioli,32.0,1898-06-09,0,1951-07-01,6,1951-07-01,,0,🇮🇹,Fagioli,it,,6,1,1951-07-01,0,7,1950-05-13,1,2,0,1,Luigi,6,Italy
80,liuzzi,26.0,1981-08-06,0,,0,2011-11-27,,0,🇮🇹,Liuzzi,it,LIU,14,25,,0,55,2005-04-24,0,6,0,0,Vitantonio,9,Italy
80,satoru_nakajima,16.0,1953-02-23,6,,0,1991-11-03,,0,🇯🇵,Nakajima,jp,,27,39,,0,35,1987-04-12,0,5,0,0,Satoru,10,Japan
80,gugelmin,10.0,1963-04-20,5,,1,1992-11-08,,0,🇧🇷,Gugelmin,br,,21,44,,0,31,1988-04-03,0,5,0,0,Maurício,4,Brazil
81,modena,17.0,1963-05-12,11,,2,1992-11-08,,0,🇮🇹,Modena,it,,13,40,,0,30,1987-11-15,0,6,0,0,Stefano,6,Italy
81,stuck,29.0,1951-01-01,7,,2,1979-10-07,,0,🇩🇪,Stuck,de,,19,48,,0,26,1974-01-13,0,6,0,0,Hans-Joachim,12,Germany
82,giacomelli,14.0,1952-09-10,13,,1,1990-09-30,,0,🇮🇹,Giacomelli,it,,18,41,,0,28,1977-09-11,1,8,0,0,Bruno,6,Italy
84,gachot,5.0,1962-12-23,37,,0,1995-11-12,,0,🇧🇪,Gachot,be,,8,32,,0,15,1989-03-26,0,6,0,0,Bertrand,4,Belgium
84,merzario,11.0,1943-03-11,27,,0,1979-10-07,,0,🇮🇹,Merzario,it,,10,41,,0,16,1972-07-15,0,8,0,0,Arturo,5,Italy
87,trintignant,72.33,1917-10-30,2,1958-05-18,10,1964-09-06,,0,🇫🇷,Trintignant,fr,,39,41,1955-05-22,0,44,1950-05-21,1,15,0,2,Maurice,21,France
87,gurney,133.0,1931-04-13,1,1967-06-18,19,1970-07-18,,0,🇺🇸,Gurney,us,,41,42,1962-07-08,0,44,1959-07-05,3,11,0,4,Dan,31,USA
87,beltoise,77.0,1937-04-26,2,1972-05-14,8,1974-10-06,,0,🇫🇷,Beltoise,fr,,43,36,1972-05-14,0,49,1967-05-07,0,8,0,1,Jean-Pierre,26,France
88,palmer,14.0,1956-11-07,4,,0,1989-11-05,,0,🇬🇧,Palmer,gb,,30,39,,0,45,1983-09-25,0,7,0,0,Jonathan,8,UK
88,suzuki,8.0,1960-09-08,23,,1,1995-10-29,,0,🇯🇵,Suzuki,jp,,17,40,,0,25,1988-10-30,0,8,0,0,Aguri,5,Japan
88,surer,17.0,1951-09-18,6,,0,1986-05-25,,0,🇨🇭,Surer,ch,,37,31,,0,51,1979-09-09,0,8,0,0,Marc,11,Switzerland
9,gardner,0.0,1930-10-01,1,,0,1968-09-08,,0,🇦🇺,Gardner,au,,1,5,,0,3,1964-07-11,0,3,0,0,Frank,0,Australia
9,naylor,0.0,1923-03-24,2,,0,1961-09-10,,0,🇬🇧,Naylor,gb,,0,5,,0,2,1957-08-04,0,5,0,0,Brian,0,UK
9,bryan,18.0,1926-01-28,0,1958-05-30,3,1960-05-30,,0,🇺🇸,Bryan,us,,4,2,1958-05-30,0,7,1952-05-30,0,9,0,1,Jimmy,3,USA
9,bondurant,3.0,1933-04-27,0,,0,1966-10-23,,0,🇺🇸,Bondurant,us,,4,5,,0,4,1965-10-03,0,2,0,0,Bob,1,USA
9,berg,0.0,1961-08-01,0,,0,1986-10-26,,0,🇨🇦,Berg,ca,,0,6,,0,3,1986-06-22,0,1,0,0,Allen,0,Canada
9,marko,0.0,1943-04-27,0,,0,1972-07-02,,0,🇦🇹,Marko,at,,3,2,,0,7,1971-08-15,0,2,0,0,Helmut,0,Austria
9,gounon,0.0,1963-01-01,0,,0,1994-09-25,,0,🇫🇷,Gounon,fr,,1,5,,0,4,1993-10-24,0,2,0,0,Jean-Marc,0,France
9,ocon,0.0,1996-09-17,0,,0,2016-11-27,31,0,🇫🇷,Ocon,fr,OCO,0,0,,0,9,2016-08-28,0,1,0,0,Esteban,0,France
9,hanks,20.0,1914-07-13,0,1957-05-30,4,1957-05-30,,0,🇺🇸,Hanks,us,,4,4,1957-05-30,0,5,1950-05-30,0,8,0,1,Sam,4,USA
9,roig,0.0,1932-10-29,3,,0,1972-05-01,,0,🇪🇸,Soler-Roig,es,,0,6,,0,0,1970-04-19,0,3,0,0,Alex,0,Spain
9,johnson,1.0,1919-02-10,0,,0,1960-05-30,,0,🇺🇸,Johnson,us,,4,2,,0,7,1952-05-30,0,9,0,0,Eddie,1,USA
9,marsh,0.0,1931-07-20,5,,0,1962-08-05,,0,🇬🇧,Marsh,gb,,1,1,,0,3,1957-08-04,0,4,0,0,Tony,0,UK
9,ruttman,9.5,1930-03-11,1,1952-05-30,1,1960-05-30,,0,🇺🇸,Ruttman,us,,3,3,1952-05-30,0,5,1950-05-30,0,8,0,1,Troy,2,USA
9,acheson,0.0,1957-11-27,6,,0,1985-09-08,,0,🇬🇧,Acheson,gb,,0,2,,0,1,1983-07-16,0,2,0,0,Kenny,0,UK
9,lennep,2.0,1942-03-16,1,,0,1975-08-03,,0,🇳🇱,van Lennep,nl,,5,1,,0,7,1971-06-20,0,4,0,0,Gijs,2,Netherlands
9,alan_brown,2.0,1919-11-20,0,,0,1954-07-17,,0,🇬🇧,Brown,gb,,3,3,,0,6,1952-05-18,0,3,0,0,Alan,1,UK
9,thomson,10.0,1922-04-09,0,,1,1960-05-30,,0,🇺🇸,Thomson,us,,3,5,,0,4,1953-05-30,1,8,0,0,Johnny,3,USA
9,paul_russo,8.5,1914-04-10,0,,1,1959-05-30,,0,🇺🇸,Russo,us,,6,3,,0,6,1950-05-30,0,8,0,0,Paul,4,USA
9,shelby,0.0,1923-01-11,0,,0,1959-09-13,,0,🇺🇸,Shelby,us,,4,5,,0,4,1958-07-06,0,2,0,0,Carroll,0,USA
9,perdisa,5.0,1932-05-10,1,,2,1957-01-13,,0,🇮🇹,Perdisa,it,,7,1,,0,7,1955-05-22,0,3,0,0,Cesare,3,Italy
9,hartley,0.0,1926-01-28,0,,0,1960-05-30,,0,🇺🇸,Hartley,us,,2,2,,0,7,1950-05-30,0,8,0,0,Gene,0,USA
9,mantovani,4.0,1929-05-22,1,,0,1955-01-16,,0,🇮🇹,Mantovani,it,,6,2,,0,6,1953-09-13,0,3,0,0,Sergio,2,Italy
9,halford,0.0,1931-05-18,1,,0,1960-07-03,,0,🇬🇧,Halford,gb,,1,6,,0,2,1956-07-14,0,4,0,0,Bruce,0,UK
9,piotti,0.0,1913-10-27,4,,0,1958-05-18,,0,🇮🇹,Piotti,it,,2,3,,0,2,1955-09-11,0,4,0,0,Luigi,0,Italy
91,sato,44.0,1977-01-28,0,,1,2008-04-27,,0,🇯🇵,Sato,jp,SAT,23,32,,0,59,2002-03-03,0,7,0,0,Takuma,14,Japan
93,hunt,179.0,1947-08-29,1,1977-10-23,23,1979-05-27,,1,🇬🇧,Hunt,gb,,45,46,1975-06-22,0,46,1973-06-03,14,7,0,10,James,35,UK
95,glock,51.0,1982-03-18,1,,3,2012-11-25,,0,🇩🇪,Glock,de,GLO,21,20,,1,74,2004-06-13,0,6,0,0,Timo,14,Germany
95,montoya,307.0,1975-09-20,0,2005-09-25,30,2006-07-02,,0,🇨🇴,Pablo Montoya,co,MON,58,33,2001-09-16,3,62,2001-03-04,13,6,0,7,Juan,57,Colombia
95,depailler,141.0,1944-08-09,0,1979-04-29,19,1980-07-13,,0,🇫🇷,Depailler,fr,,48,41,1978-05-07,0,54,1972-07-02,1,8,0,2,Patrick,36,France
96,maldonado,76.0,1985-03-09,0,2012-05-13,1,2015-11-29,13,0,🇻🇪,Maldonado,ve,MAL,14,29,2012-05-13,0,67,2011-03-27,1,5,0,1,Pastor,14,Venezuela
97,katayama,5.0,1963-05-29,2,,0,1997-10-26,,0,🇯🇵,Katayama,jp,,16,62,,0,33,1992-03-01,0,6,0,0,Ukyo,3,Japan
98,capelli,31.0,1963-05-24,3,,3,1993-03-28,,0,🇮🇹,Capelli,it,,22,66,,0,29,1985-10-06,0,9,0,0,Ivan,12,Italy
99,diniz,10.0,1970-05-22,1,,0,2000-10-22,,0,🇧🇷,Diniz,br,,26,59,,0,39,1995-03-26,0,6,0,0,Pedro,8,Brazil