participations,driverref,points,dob,did_not_start,last_win,podiums,last_race,permanent_number,championships,country_flag,surname,country_code,code,top_ten,did_not_finish,first_win,fastestlaps,races_finished,first_race,poles,subchampionships,year,wins,forename,finished_in_points,country
1,nakajima,0.0,1985-01-11,0,,0,2007-10-21,,0,🇯🇵,Nakajima,jp,NAK,1,0,,0,1,2007-10-21,0,0,2007,0,Kazuki,0,Japan
1,markus_winkelhock,0.0,1980-06-13,0,,0,2007-07-22,,0,🇩🇪,Winkelhock,de,WIN,0,1,,0,0,2007-07-22,0,0,2007,0,Markus,0,Germany
10,speed,0.0,1983-01-24,0,,0,2007-07-22,,0,🇺🇸,Speed,us,SPE,1,7,,0,3,2007-03-18,0,0,2007,0,Scott,0,USA
16,kubica,39.0,1984-12-07,0,,0,2007-10-21,,0,🇵🇱,Kubica,pl,KUB,12,3,,0,13,2007-03-18,0,0,2007,0,Robert,11,Poland
16,wurz,13.0,1974-02-15,0,,1,2007-10-07,,0,🇦🇹,Wurz,at,WUR,5,4,,0,12,2007-03-18,0,0,2007,0,Alexander,3,Austria
17,raikkonen,110.0,1979-10-17,0,2007-10-21,12,2007-10-21,7,1,🇫🇮,Räikkönen,fi,RAI,15,2,2007-03-18,6,15,2007-03-18,3,0,2007,6,Kimi,15,Finland
17,button,6.0,1980-01-19,0,,0,2007-10-21,22,0,🇬🇧,Button,gb,BUT,4,6,,0,11,2007-03-18,0,0,2007,0,Jenson,3,UK
17,coulthard,14.0,1971-03-27,0,,0,2007-10-21,,0,🇬🇧,Coulthard,gb,COU,6,7,,0,10,2007-03-18,0,0,2007,0,David,4,UK
17,davidson,0.0,1979-04-18,0,,0,2007-10-21,,0,🇬🇧,Davidson,gb,DAV,0,5,,0,12,2007-03-18,0,0,2007,0,Anthony,0,UK
17,fisichella,21.0,1973-01-14,0,,0,2007-10-21,,0,🇮🇹,Fisichella,it,FIS,11,3,,0,14,2007-03-18,0,0,2007,0,Giancarlo,7,Italy
17,heidfeld,61.0,1977-05-10,0,,2,2007-10-21,,0,🇩🇪,Heidfeld,de,HEI,14,2,,0,15,2007-03-18,0,0,2007,0,Nick,14,Germany
17,kovalainen,30.0,1981-10-19,0,,1,2007-10-21,,0,🇫🇮,Kovalainen,fi,KOV,14,1,,0,16,2007-03-18,0,0,2007,0,Heikki,11,Finland
17,barrichello,0.0,1972-05-23,0,,0,2007-10-21,,0,🇧🇷,Barrichello,br,BAR,5,2,,0,15,2007-03-18,0,0,2007,0,Rubens,0,Brazil
17,liuzzi,3.0,1981-08-06,0,,0,2007-10-21,,0,🇮🇹,Liuzzi,it,LIU,2,7,,0,10,2007-03-18,0,0,2007,0,Vitantonio,1,Italy
17,massa,94.0,1981-04-25,0,2007-08-26,10,2007-10-21,19,0,🇧🇷,Massa,br,MAS,14,2,2007-04-15,6,15,2007-03-18,6,0,2007,3,Felipe,14,Brazil
17,ralf_schumacher,5.0,1975-06-30,0,,0,2007-10-21,,0,🇩🇪,Schumacher,de,SCH,5,6,,0,11,2007-03-18,0,0,2007,0,Ralf,3,Germany
17,rosberg,20.0,1985-06-27,0,,0,2007-10-21,6,0,🇩🇪,Rosberg,de,ROS,10,3,,0,14,2007-03-18,0,0,2007,0,Nico,7,Germany
17,sato,4.0,1977-01-28,0,,0,2007-10-21,,0,🇯🇵,Sato,jp,SAT,2,3,,0,14,2007-03-18,0,0,2007,0,Takuma,2,Japan
17,hamilton,109.0,1985-01-07,0,2007-09-30,12,2007-10-21,44,0,🇬🇧,Hamilton,gb,HAM,16,1,2007-06-10,2,16,2007-03-18,6,1,2007,4,Lewis,15,UK
17,sutil,1.0,1983-01-11,0,,0,2007-10-21,99,0,🇩🇪,Sutil,de,SUT,1,7,,0,10,2007-03-18,0,0,2007,0,Adrian,1,Germany
17,trulli,8.0,1974-07-13,0,,0,2007-10-21,,0,🇮🇹,Trulli,it,TRU,6,4,,0,13,2007-03-18,0,0,2007,0,Jarno,4,Italy
17,webber,10.0,1976-08-27,0,,1,2007-10-21,,0,🇦🇺,Webber,au,WEB,8,7,,0,10,2007-03-18,0,0,2007,0,Mark,3,Australia
17,alonso,109.0,1981-07-29,0,2007-09-09,12,2007-10-21,14,0,🇪🇸,Alonso,es,ALO,16,1,2007-04-08,3,16,2007-03-18,2,0,2007,4,Fernando,16,Spain
7,yamamoto,0.0,1982-07-09,0,,0,2007-10-21,,0,🇯🇵,Yamamoto,jp,YAM,0,2,,0,5,2007-08-05,0,0,2007,0,Sakon,0,Japan
8,vettel,6.0,1987-07-03,0,,0,2007-10-21,5,0,🇩🇪,Vettel,de,VET,2,3,,0,5,2007-06-17,0,0,2007,0,Sebastian,2,Germany
9,albers,0.0,1979-04-16,0,,0,2007-07-08,,0,🇳🇱,Albers,nl,ALB,0,4,,0,5,2007-03-18,0,0,2007,0,Christijan,0,Netherlands