participations,driverref,points,dob,did_not_start,last_win,driverid,podiums,last_race,permanent_number,championships,country_flag,surname,country_code,code,top_ten,fullname,did_not_finish,first_win,fastestlaps,races_finished,fullname_flag,first_race,poles,subchampionships,year,wins,forename,finished_in_points,country
1,gimax,0.0,1938-01-01,1,,248,0,1978-09-10,,0,🇮🇹,Franchi,it,,0,Carlo Franchi,0,,0,0,Carlo Franchi 🇮🇹,1978-09-10,0,0,1978,0,Carlo,0,Italy
1,villota,0.0,1946-07-26,1,,208,0,1978-06-04,,0,🇪🇸,de Villota,es,,0,Emilio de Villota,0,,0,0,Emilio de Villota 🇪🇸,1978-06-04,0,0,1978,0,Emilio,0,Spain
1,trimmer,0.0,1943-01-24,1,,245,0,1978-07-16,,0,🇬🇧,Trimmer,gb,,0,Tony Trimmer,0,,0,0,Tony Trimmer 🇬🇧,1978-07-16,0,0,1978,0,Tony,0,UK
1,binder,0.0,1948-06-12,1,,246,0,1978-08-13,,0,🇦🇹,Binder,at,,0,Hans Binder,0,,0,0,Hans Binder 🇦🇹,1978-08-13,0,0,1978,0,Hans,0,Austria
1,lees,0.0,1951-05-01,1,,209,0,1978-07-16,,0,🇬🇧,Lees,gb,,0,Geoff Lees,0,,0,0,Geoff Lees 🇬🇧,1978-07-16,0,0,1978,0,Geoff,0,UK
10,daly,1.0,1953-03-11,4,,206,0,1978-10-08,,0,🇮🇪,Daly,ie,,3,Derek Daly,3,,0,3,Derek Daly 🇮🇪,1978-04-02,0,0,1978,0,Derek,1,Ireland
13,mass,0.0,1946-09-30,3,,200,0,1978-08-27,,0,🇩🇪,Mass,de,,2,Jochen Mass,4,,0,6,Jochen Mass 🇩🇪,1978-01-15,0,0,1978,0,Jochen,0,Germany
13,keegan,0.0,1955-02-26,7,,211,0,1978-08-27,,0,🇬🇧,Keegan,gb,,0,Rupert Keegan,5,,0,1,Rupert Keegan 🇬🇧,1978-01-15,0,0,1978,0,Rupert,0,UK
14,peterson,51.0,1944-02-14,0,1978-08-13,238,7,1978-09-10,,0,🇸🇪,Peterson,se,,9,Ronnie Peterson,5,1978-03-04,0,9,Ronnie Peterson 🇸🇪,1978-01-15,3,1,1978,2,Ronnie,9,Sweden
14,stommelen,0.0,1943-07-11,5,,243,0,1978-10-08,,0,🇩🇪,Stommelen,de,,2,Rolf Stommelen,3,,0,6,Rolf Stommelen 🇩🇪,1978-03-04,0,0,1978,0,Rolf,0,Germany
14,patrese,11.0,1957-04-17,0,,119,1,1978-10-08,,0,🇮🇹,Patrese,it,,7,Riccardo Patrese,7,,0,7,Riccardo Patrese 🇮🇹,1978-01-29,0,0,1978,0,Riccardo,4,Italy
14,brambilla,1.0,1937-11-11,2,,230,0,1978-09-10,,0,🇮🇹,Brambilla,it,,3,Vittorio Brambilla,5,,0,7,Vittorio Brambilla 🇮🇹,1978-01-15,0,0,1978,0,Vittorio,1,Italy
14,keke_rosberg,0.0,1948-12-06,5,,177,0,1978-10-08,,0,🇫🇮,Rosberg,fi,,1,Keke Rosberg,6,,0,3,Keke Rosberg 🇫🇮,1978-03-04,0,0,1978,0,Keke,0,Finland
14,jabouille,3.0,1942-10-01,0,,219,0,1978-10-08,,0,🇫🇷,Jabouille,fr,,2,Jean-Pierre Jabouille,10,,0,4,Jean-Pierre Jabouille 🇫🇷,1978-03-04,0,0,1978,0,Jean-Pierre,1,France
15,tambay,8.0,1949-06-25,0,,175,0,1978-10-08,,0,🇫🇷,Tambay,fr,,9,Patrick Tambay,5,,0,10,Patrick Tambay 🇫🇷,1978-01-15,0,0,1978,0,Patrick,5,France
15,lunger,0.0,1945-11-14,5,,239,0,1978-10-01,,0,🇺🇸,Lunger,us,,3,Brett Lunger,4,,0,6,Brett Lunger 🇺🇸,1978-01-15,0,0,1978,0,Brett,0,USA
16,mario_andretti,64.0,1940-02-28,0,1978-08-27,207,7,1978-10-08,,1,🇺🇸,Andretti,us,,11,Mario Andretti,4,1978-01-15,0,12,Mario Andretti 🇺🇸,1978-01-15,8,0,1978,6,Mario,9,USA
16,stuck,2.0,1951-01-01,2,,233,0,1978-10-08,,0,🇩🇪,Stuck,de,,1,Hans-Joachim Stuck,10,,0,4,Hans-Joachim Stuck 🇩🇪,1978-01-15,0,0,1978,0,Hans-Joachim,1,Germany
16,lauda,44.0,1949-02-22,0,1978-09-10,182,7,1978-10-08,,0,🇦🇹,Lauda,at,,7,Niki Lauda,9,1978-06-17,0,7,Niki Lauda 🇦🇹,1978-01-15,1,0,1978,2,Niki,7,Austria
16,hunt,8.0,1947-08-29,0,,231,1,1978-10-08,,0,🇬🇧,Hunt,gb,,6,James Hunt,10,,0,6,James Hunt 🇬🇧,1978-01-15,0,0,1978,0,James,3,UK
16,gilles_villeneuve,17.0,1950-01-18,0,1978-10-08,203,2,1978-10-08,,0,🇨🇦,Villeneuve,ca,,9,Gilles Villeneuve,6,1978-10-08,0,10,Gilles Villeneuve 🇨🇦,1978-01-15,0,0,1978,1,Gilles,4,Canada
16,scheckter,24.0,1950-01-29,0,,222,4,1978-10-08,,0,🇿🇦,Scheckter,za,,7,Jody Scheckter,7,,0,9,Jody Scheckter 🇿🇦,1978-01-15,0,0,1978,0,Jody,6,South Africa
16,watson,25.0,1946-05-04,0,,187,3,1978-10-08,,0,🇬🇧,Watson,gb,,10,John Watson,6,,0,10,John Watson 🇬🇧,1978-01-15,1,0,1978,0,John,7,UK
16,jones,11.0,1946-11-02,0,,178,1,1978-10-08,,0,🇦🇺,Jones,au,,7,Alan Jones,7,,0,9,Alan Jones 🇦🇺,1978-01-15,0,0,1978,0,Alan,3,Australia
16,reutemann,48.0,1942-04-12,0,1978-10-01,199,7,1978-10-08,,0,🇦🇷,Reutemann,ar,,11,Carlos Reutemann,4,1978-01-29,0,12,Carlos Reutemann 🇦🇷,1978-01-15,2,0,1978,4,Carlos,7,Argentina
16,emerson_fittipaldi,17.0,1946-12-12,0,,224,1,1978-10-08,,0,🇧🇷,Fittipaldi,br,,10,Emerson Fittipaldi,6,,0,10,Emerson Fittipaldi 🇧🇷,1978-01-15,0,0,1978,0,Emerson,6,Brazil
16,laffite,19.0,1943-11-21,0,,172,2,1978-10-08,,0,🇫🇷,Laffite,fr,,12,Jacques Laffite,2,,0,14,Jacques Laffite 🇫🇷,1978-01-15,0,0,1978,0,Jacques,7,France
16,regazzoni,4.0,1939-09-05,5,,223,0,1978-10-08,,0,🇨🇭,Regazzoni,ch,,3,Clay Regazzoni,5,,0,6,Clay Regazzoni 🇨🇭,1978-01-15,0,0,1978,0,Clay,2,Switzerland
16,rebaque,1.0,1956-02-05,7,,212,0,1978-10-08,,0,🇲🇽,Rebaque,mx,,2,Hector Rebaque,5,,0,4,Hector Rebaque 🇲🇽,1978-01-15,0,0,1978,0,Hector,1,Mexico
16,pironi,7.0,1952-03-26,0,,202,0,1978-10-08,,0,🇫🇷,Pironi,fr,,8,Didier Pironi,6,,0,10,Didier Pironi 🇫🇷,1978-01-15,0,0,1978,0,Didier,5,France
16,depailler,34.0,1944-08-09,0,1978-05-07,221,5,1978-10-08,,0,🇫🇷,Depailler,fr,,7,Patrick Depailler,8,1978-05-07,0,8,Patrick Depailler 🇫🇷,1978-01-15,0,0,1978,1,Patrick,7,France
16,merzario,0.0,1943-03-11,8,,232,0,1978-10-08,,0,🇮🇹,Merzario,it,,0,Arturo Merzario,8,,0,0,Arturo Merzario 🇮🇹,1978-01-15,0,0,1978,0,Arturo,0,Italy
2,galica,0.0,1944-08-13,2,,242,0,1978-01-29,,0,🇬🇧,Galica,gb,,0,Divina Galica,0,,0,0,Divina Galica 🇬🇧,1978-01-15,0,0,1978,0,Divina,0,UK
2,rahal,0.0,1953-01-10,0,,249,0,1978-10-08,,0,🇺🇸,Rahal,us,,0,Bobby Rahal,1,,0,1,Bobby Rahal 🇺🇸,1978-10-01,0,0,1978,0,Bobby,0,USA
2,gabbiani,0.0,1957-01-02,2,,213,0,1978-10-08,,0,🇮🇹,Gabbiani,it,,0,Beppe Gabbiani,0,,0,0,Beppe Gabbiani 🇮🇹,1978-10-01,0,0,1978,0,Beppe,0,Italy
3,cheever,0.0,1958-01-10,2,,158,0,1978-03-04,,0,🇺🇸,Cheever,us,,0,Eddie Cheever,1,,0,0,Eddie Cheever 🇺🇸,1978-01-15,0,0,1978,0,Eddie,0,USA
3,colombo,0.0,1946-02-23,3,,244,0,1978-09-10,,0,🇮🇹,Colombo,it,,0,Alberto Colombo,0,,0,0,Alberto Colombo 🇮🇹,1978-05-21,0,0,1978,0,Alberto,0,Italy
4,ongais,0.0,1942-05-21,2,,240,0,1978-08-27,,0,🇺🇸,Ongais,us,,0,Danny Ongais,2,,0,0,Danny Ongais 🇺🇸,1978-01-15,0,0,1978,0,Danny,0,USA
4,bleekemolen,0.0,1949-10-02,3,,247,0,1978-10-08,,0,🇳🇱,Bleekemolen,nl,,0,Michael Bleekemolen,1,,0,0,Michael Bleekemolen 🇳🇱,1978-08-27,0,0,1978,0,Michael,0,Netherlands
4,leoni,0.0,1953-05-24,2,,241,0,1978-04-02,,0,🇮🇹,Leoni,it,,0,Lamberto Leoni,2,,0,0,Lamberto Leoni 🇮🇹,1978-01-15,0,0,1978,0,Lamberto,0,Italy
4,ickx,0.0,1945-01-01,1,,235,0,1978-06-17,,0,🇧🇪,Ickx,be,,0,Jacky Ickx,2,,0,1,Jacky Ickx 🇧🇪,1978-05-07,0,0,1978,0,Jacky,0,Belgium
5,giacomelli,0.0,1952-09-10,0,,152,0,1978-09-10,,0,🇮🇹,Giacomelli,it,,2,Bruno Giacomelli,2,,0,3,Bruno Giacomelli 🇮🇹,1978-05-21,0,0,1978,0,Bruno,0,Italy
5,piquet,0.0,1952-08-17,0,,137,0,1978-10-08,,0,🇧🇷,Piquet,br,,1,Nelson Piquet,3,,0,2,Nelson Piquet 🇧🇷,1978-07-30,0,0,1978,0,Nelson,0,Brazil
5,ertl,0.0,1948-08-31,3,,229,0,1978-09-10,,0,🇦🇹,Ertl,at,,0,Harald Ertl,1,,0,1,Harald Ertl 🇦🇹,1978-07-30,0,0,1978,0,Harald,0,Austria
8,jarier,0.0,1946-07-10,2,,197,0,1978-10-08,,0,🇫🇷,Jarier,fr,,1,Jean-Pierre Jarier,2,,0,4,Jean-Pierre Jarier 🇫🇷,1978-01-15,1,0,1978,0,Jean-Pierre,0,France
9,arnoux,0.0,1948-07-04,3,,163,0,1978-10-08,,0,🇫🇷,Arnoux,fr,,3,René Arnoux,2,,0,4,René Arnoux 🇫🇷,1978-03-04,0,0,1978,0,René,0,France